clientSeconds,workingSetBytes,privateBytes,cpuSeconds,handles,threads,gpuBusyPercent,gpu3DPercent,gpuVideoDecodePercent,gpuVideoEncodePercent,gpuVideoProcessingPercent,gpuCopyPercent,gpuDedicatedBytes,gpuSharedBytes
5.295,1392013312,1421901824,5.40625,1365,81,68.1849,68.1849,19.2027,,0,0,0,922030080
6.33,1359183872,1390563328,6.578125,1363,79,68.9454,68.9454,19.9175,,0,0,0,923078656
7.351,1374806016,1403727872,7.578125,1365,79,69.6998,69.6998,18.1666,,0,0,0,923082752
8.376,1391767552,1419993088,8.59375,1366,80,66.7593,66.7593,19.5948,,0,0,0,923082752
9.402,1378570240,1407238144,9.828125,1366,80,69.2282,69.2282,18.1311,,0,0,0,923082752
10.43,1393516544,1422639104,11.015625,1366,80,69.9909,69.9909,18.7841,,0,0,0,923082752
11.464,1382457344,1412886528,12.078125,1366,80,71.9265,71.9265,17.7161,,0,0,0,923082752
12.49,1374789632,1403019264,13.078125,1366,80,70.4473,70.4473,18.9548,,0,0,0,923082752
13.531,1381486592,1410015232,14.359375,1366,80,70.1925,70.1925,17.7548,,0,0,0,923082752
14.558,1367781376,1395679232,15.703125,1366,80,71.296,71.296,18.3743,,0,0,0,923082752
15.581,1379315712,1407967232,16.78125,1366,80,71.583,71.583,17.794,,0,0,0,923082752
16.609,2188156928,2248437760,17.859375,1405,87,66.6943,66.6943,19.2325,,0,0,0,1522417664
17.638,1466298368,1507758080,18.953125,1393,84,66.7522,66.7522,19.131,,0,0,0,925507584
18.661,1480581120,1518419968,20.171875,1392,83,70.7617,70.7617,18.2491,,0,0,0,925507584
19.695,1470152704,1500573696,21.375,1393,84,70.475,70.475,18.4533,,0,0,0,925507584
20.718,1482260480,1513295872,22.484375,1392,84,72.6216,72.6216,17.2583,,0,0,0,925507584
21.741,1468719104,1497993216,23.671875,1387,82,70.1249,70.1249,19.0723,,0,0,0,925507584
22.775,1482575872,1511915520,24.90625,1379,80,70.4268,70.4268,18.095,,0,0,0,925507584
23.808,1412980736,1441017856,25.9375,1379,80,69.8681,69.8681,18.3308,,0,0,0,925507584
24.847,1417940992,1445240832,27.015625,1378,79,69.1289,69.1289,18.5953,,0,0,0,925507584
25.871,1410908160,1439109120,28.015625,1379,80,69.9438,69.9438,19.0024,,0,0,0,925507584
26.895,2200088576,2259492864,29.328125,1404,87,68.4025,68.4025,19.139,,0,0,0,1522421760
27.97,1473130496,1530159104,30.484375,1392,84,66.7211,66.7211,19.2265,,0,0,0,925507584
29.007,1483194368,1537888256,31.5,1392,84,69.2637,69.2637,18.8333,,0,0,0,925507584
30.05,1473912832,1503657984,32.671875,1390,83,73.2814,73.2814,17.6028,,0,0,0,925507584
31.078,1483440128,1513881600,33.828125,1388,83,70.9345,70.9345,18.5986,,0,0,0,925507584
32.117,1476014080,1504890880,35.015625,1377,80,70.4895,70.4895,18.18,,0,0,0,925503488
33.148,1430228992,1459548160,36.015625,1377,80,69.7765,69.7765,18.8638,,0,0,0,925503488
34.184,1412407296,1440264192,37.234375,1377,80,70.744,70.744,17.5274,,0,0,0,925503488
35.223,1428541440,1457041408,38.3125,1377,80,67.9362,67.9362,19.1118,,0,0,0,925503488
36.244,2198282240,2258923520,39.65625,1407,88,69.2146,69.2146,17.5562,,0,0,0,1522413568
37.281,1472385024,1535725568,40.609375,1395,85,64.6945,64.6945,20.9962,,0,0,0,925503488
38.321,1480069120,1542746112,41.75,1395,85,71.6522,71.6522,17.7928,,0,0,0,925503488
39.345,1495633920,1554386944,42.84375,1395,85,69.7947,69.7947,18.9455,,0,0,0,925503488
40.382,1474342912,1506951168,44.140625,1394,85,71.1338,71.1338,17.6576,,0,0,0,925503488
41.423,1490010112,1519562752,45.09375,1383,82,71.9701,71.9701,18.4649,,0,0,0,925503488
42.466,1483120640,1512132608,46.328125,1375,80,70.9051,70.9051,17.8159,,0,0,0,925503488
43.503,1408020480,1434554368,47.375,1375,80,71.1573,71.1573,18.6464,,0,0,0,925503488
44.546,1420070912,1447866368,48.515625,1375,80,70.7881,70.7881,18.1895,,0,0,0,925503488
45.589,1407623168,1436725248,49.53125,1375,80,70.0067,70.0067,18.512,,0,0,0,925503488
46.626,2204553216,2263695360,50.5625,1401,86,67.2709,67.2709,18.3526,,0,0,0,1522618368
47.652,1481748480,1548345344,51.734375,1391,85,66.1076,66.1076,20.1091,,0,0,0,925708288
48.678,1490288640,1556598784,52.65625,1391,85,70.0721,70.0721,17.9655,,0,0,0,925708288
49.709,1499930624,1561849856,53.84375,1391,85,71.7258,71.7258,18.5042,,0,0,0,925708288
50.752,1493651456,1532186624,55.03125,1390,85,71.136,71.136,17.4537,,0,0,0,925708288
51.792,1482027008,1512697856,56.328125,1387,84,71.5433,71.5433,18.2049,,0,0,0,925708288
52.825,1488998400,1517854720,57.375,1377,80,71.3661,71.3661,18.0139,,0,0,0,925708288
53.861,1414524928,1441660928,58.484375,1375,80,70.162,70.162,18.6373,,0,0,0,925708288
54.897,1426649088,1454931968,59.609375,1375,80,71.5151,71.5151,17.7649,,0,0,0,925708288
55.938,1414725632,1442668544,60.65625,1375,80,71.2301,71.2301,18.2923,,0,0,0,925708288
56.982,1525878784,1593638912,61.96875,1391,85,69.129,69.129,17.3645,,0,0,0,937320448
58.019,1480118272,1544019968,63.28125,1389,83,69.9258,69.9258,20.0818,,0,0,0,925917184
59.047,1496969216,1558704128,64.390625,1388,82,69.8772,69.8772,18.7367,,0,0,0,925917184
60.082,1476280320,1506828288,65.59375,1388,82,70.6978,70.6978,17.5986,,0,0,0,925917184
61.119,1490464768,1520111616,66.609375,1385,81,70.2025,70.2025,18.6929,,0,0,0,925917184
62.152,1481244672,1510027264,67.609375,1374,78,71.1092,71.1092,18.3667,,0,0,0,925917184
63.186,1429331968,1458634752,68.671875,1374,78,69.5389,69.5389,18.9738,,0,0,0,925917184
64.227,1431658496,1460736000,69.71875,1375,77,71.5652,71.5652,17.5734,,0,0,0,925917184
65.263,1436696576,1465995264,70.859375,1376,78,70.3037,70.3037,19.1541,,0,0,0,925917184
66.29,2205200384,2270212096,72.171875,1401,86,68.3238,68.3238,17.5884,,0,0,0,1522835456
67.338,1463889920,1524027392,73.25,1389,83,65.5696,65.5696,20.3663,,0,0,0,925917184
68.362,1478742016,1538117632,74.40625,1389,83,71.1079,71.1079,18.1604,,0,0,0,925917184
69.396,1495080960,1551949824,75.421875,1389,83,71.2303,71.2303,18.7974,,0,0,0,925917184
70.427,1490980864,1527848960,76.640625,1388,82,70.7923,70.7923,17.8544,,0,0,0,925917184
71.451,1496432640,1530032128,77.828125,1384,80,72.3656,72.3656,18.4237,,0,0,0,925917184
72.488,1493766144,1526296576,79.171875,1376,78,71.8663,71.8663,17.5323,,0,0,0,925917184
73.529,1435500544,1466036224,80.3125,1376,78,70.741,70.741,18.0894,,0,0,0,925917184
74.56,1433501696,1464434688,81.484375,1376,78,71.0895,71.0895,17.708,,0,0,0,925917184
75.6,1410854912,1438040064,82.546875,1376,78,69.5591,69.5591,19.0587,,0,0,0,925917184
76.64,2197008384,2261643264,84.265625,1402,85,72.049,72.049,17.476,,0,0,0,1516335104
77.669,1491558400,1552592896,85.25,1390,82,66.142,66.142,19.8479,,0,0,0,925913088
78.704,1507184640,1568022528,86.328125,1390,82,70.4764,70.4764,17.7323,,0,0,0,925913088
79.735,1510408192,1569710080,87.328125,1390,82,69.8571,69.8571,18.5317,,0,0,0,925913088
80.75,1513779200,1552883712,88.515625,1389,82,71.2412,71.2412,17.6254,,0,0,0,925913088
81.787,1509597184,1546973184,89.640625,1383,80,73.9223,73.9223,18.1239,,0,0,0,925913088
82.827,1514184704,1550675968,90.828125,1375,78,71.0408,71.0408,17.6822,,0,0,0,925913088
83.855,1461723136,1497075712,91.875,1375,78,70.9973,70.9973,17.9772,,0,0,0,925913088
84.876,1459347456,1494945792,92.859375,1375,78,71.1657,71.1657,18.0805,,0,0,0,925913088
85.912,1461350400,1496252416,94.25,1375,78,72.8191,72.8191,18.7098,,0,0,0,925913088
86.94,1536450560,1594331136,95.34375,1390,82,65.9807,65.9807,18.0066,,0,0,0,925917184
87.985,1538916352,1597145088,96.484375,1393,83,70.2983,70.2983,19.5975,,0,0,0,925917184
89.018,1536462848,1594466304,97.4375,1393,82,71.341,71.341,18.5557,,0,0,0,925917184
90.058,1533460480,1571282944,98.609375,1392,82,72.4333,72.4333,17.3822,,0,0,0,925917184
91.095,1530933248,1567571968,100,1389,81,71.1491,71.1491,18.2902,,0,0,0,925917184
92.124,1530863616,1565491200,101.1875,1375,77,72.7415,72.7415,17.457,,0,0,0,925917184
93.159,1474617344,1509507072,102.40625,1376,78,70.4064,70.4064,18.6106,,0,0,0,925917184
94.195,1468706816,1503756288,103.515625,1376,78,70.9848,70.9848,17.8704,,0,0,0,925917184
95.224,1473097728,1507934208,104.765625,1376,78,72.1615,72.1615,18.7825,,0,0,0,925917184
96.251,1475719168,1510559744,105.796875,1378,78,71.8989,71.8989,17.3518,,0,0,0,925917184
97.275,1471672320,1506889728,106.796875,1378,78,70.9065,70.9065,18.1626,,0,0,0,925917184
98.302,1473921024,1508823040,107.921875,1378,78,71.0529,71.0529,18.1299,,0,0,0,925917184
99.341,1470607360,1505730560,109.125,1378,78,71.1895,71.1895,18.5658,,0,0,0,926965760
100.374,1472524288,1507323904,110.34375,1378,78,72.5892,72.5892,17.5034,,0,0,0,926965760
101.412,1475203072,1508888576,111.5,1375,77,70.7718,70.7718,18.5768,,0,0,0,926965760
102.451,1447292928,1475264512,112.734375,1375,77,71.922,71.922,17.2475,,0,0,0,926965760
103.488,1461690368,1490272256,113.890625,1374,76,71.3171,71.3171,18.2472,,0,0,0,926965760
104.518,1458315264,1488609280,114.9375,1375,77,71.1813,71.1813,17.4848,,0,0,0,926965760
105.553,1464053760,1494818816,115.953125,1375,77,70.7638,70.7638,18.0828,,0,0,0,926965760
106.585,1458647040,1488797696,117.1875,1275,68,73.7666,73.7666,17.5418,,0,0,0,926965760
107.604,1462480896,1492000768,118.3125,1275,68,71.7326,71.7326,17.9629,,0,0,0,926965760
108.631,1469652992,1498386432,119.40625,1372,77,71.4444,71.4444,18.2055,,0,0,0,926965760
109.647,1470615552,1503670272,120.5625,1385,78,70.841,70.841,18.1937,,0,0,0,926965760
110.681,1472978944,1506836480,121.609375,1384,79,71.4047,71.4047,17.4134,,0,0,0,926965760
111.724,1477062656,1509978112,122.59375,1384,79,70.3522,70.3522,18.5789,,0,0,0,926965760
112.767,1473736704,1506828288,123.5625,1384,79,71.4264,71.4264,17.9354,,0,0,0,926965760
113.793,1476284416,1508937728,124.765625,1384,79,69.0604,69.0604,17.752,,0,0,0,926965760
114.833,1474801664,1507946496,125.984375,1384,79,72.2609,72.2609,18.2223,,0,0,0,926965760
115.865,1477476352,1508990976,127.09375,1383,78,71.7366,71.7366,17.894,,0,0,0,926965760
116.909,1482231808,1515151360,128.203125,1384,79,73.0377,73.0377,17.7487,,0,0,0,926965760
117.951,1478004736,1510977536,129.265625,1384,79,69.688,69.688,19.067,,0,0,0,926965760
118.968,1482620928,1515159552,130.34375,1384,79,69.689,69.689,19.2096,,0,0,0,926965760
120.007,1475735552,1508323328,131.484375,1384,79,71.4115,71.4115,17.2465,,0,0,0,926965760
121.042,1480454144,1511968768,132.609375,1383,78,70.4021,70.4021,18.6942,,0,0,0,926965760
122.076,1481166848,1514209280,133.796875,1386,79,70.0964,70.0964,17.7792,,0,0,0,926965760
123.109,1478934528,1511723008,134.71875,1386,79,68.7313,68.7313,18.9665,,0,0,0,926965760
124.127,1479729152,1512796160,135.875,1386,79,71.495,71.495,17.6527,,0,0,0,926965760
125.153,1477283840,1510146048,137.03125,1386,79,70.1202,70.1202,19.4667,,0,0,0,926965760
126.183,1477881856,1509642240,138.125,1385,78,70.78,70.78,17.766,,0,0,0,926965760
127.217,1482371072,1515397120,139.203125,1385,79,70.443,70.443,18.6498,,0,0,0,926965760
128.244,1478066176,1511034880,140.359375,1385,79,72.9232,72.9232,17.3743,,0,0,0,926965760
129.28,1480822784,1513656320,141.328125,1385,79,69.8263,69.8263,19.2706,,0,0,0,926965760
130.311,1475366912,1508433920,142.65625,1385,79,71.8576,71.8576,17.872,,0,0,0,926965760
131.341,1477795840,1511063552,143.8125,1385,79,72.0236,72.0236,18.9181,,0,0,0,926965760
132.379,1479278592,1511079936,144.875,1384,78,72.184,72.184,17.7051,,0,0,0,926965760
133.419,1475284992,1508290560,146.0625,1366,74,68.0585,68.0585,18.1966,,0,0,0,926965760
134.464,1475788800,1508851712,147.109375,1366,74,70.0625,70.0625,18.464,,0,0,0,926965760
135.49,1471520768,1504653312,148.0625,1366,74,70.4486,70.4486,17.4975,,0,0,0,926965760
136.54,1474342912,1507274752,149.1875,1366,74,71.0296,71.0296,17.8456,,0,0,0,926965760
137.575,1477033984,1509838848,150.40625,1366,74,70.1735,70.1735,18.3777,,0,0,0,926965760
138.608,1473781760,1506635776,151.546875,1366,74,70.8316,70.8316,18.1055,,0,0,0,926965760
