time,elapsedSeconds,rssKiB,cpuOneCorePercent,cpuTime
2026-10-03T16:44:27.081973+00:00,0.005,465984,36.9,0:29.24
2026-10-03T16:44:28.095791+00:00,1.018,461680,39.8,0:29.76
2026-10-03T16:44:29.102756+00:00,2.025,464064,26.5,0:30.14
2026-10-03T16:44:30.113691+00:00,3.036,467200,40.5,0:30.67
2026-10-03T16:44:31.127370+00:00,4.05,461888,39.0,0:31.23
2026-10-03T16:44:32.136448+00:00,5.059,465008,38.8,0:31.77
2026-10-03T16:44:33.149585+00:00,6.072,460096,38.5,0:32.31
2026-10-03T16:44:34.159571+00:00,7.082,462528,40.6,0:32.87
2026-10-03T16:44:35.167779+00:00,8.09,464688,40.4,0:33.40
2026-10-03T16:44:36.178809+00:00,9.101,463024,37.5,0:33.95
2026-10-03T16:44:37.187971+00:00,10.111,462336,40.4,0:34.49
2026-10-03T16:44:38.199108+00:00,11.122,467072,41.5,0:35.04
2026-10-03T16:44:39.210446+00:00,12.133,465888,37.9,0:35.57
2026-10-03T16:44:40.223312+00:00,13.146,461632,33.8,0:36.06
2026-10-03T16:44:41.234882+00:00,14.157,461776,31.5,0:36.53
2026-10-03T16:44:42.247374+00:00,15.17,465056,38.1,0:37.06
2026-10-03T16:44:43.255487+00:00,16.178,465504,39.1,0:37.62
2026-10-03T16:44:44.266513+00:00,17.189,469392,39.2,0:38.16
2026-10-03T16:44:45.278319+00:00,18.201,462688,38.3,0:38.71
2026-10-03T16:44:46.290302+00:00,19.213,467136,39.3,0:39.26
2026-10-03T16:44:47.299493+00:00,20.222,462864,31.1,0:39.74
2026-10-03T16:44:48.311160+00:00,21.234,466064,36.3,0:40.26
2026-10-03T16:44:49.323424+00:00,22.246,467296,37.0,0:40.78
2026-10-03T16:44:50.334303+00:00,23.257,463312,40.1,0:41.32
2026-10-03T16:44:51.346612+00:00,24.269,464928,38.9,0:41.86
2026-10-03T16:44:52.361695+00:00,25.284,462032,38.7,0:42.39
2026-10-03T16:44:53.373522+00:00,26.296,463040,39.1,0:42.93
2026-10-03T16:44:54.382203+00:00,27.305,465408,38.7,0:43.45
2026-10-03T16:44:55.391555+00:00,28.314,462224,39.7,0:44.00
2026-10-03T16:44:56.403763+00:00,29.326,464320,38.6,0:44.54
2026-10-03T16:44:57.413634+00:00,30.336,460400,37.0,0:45.07
2026-10-03T16:44:58.425224+00:00,31.348,461872,40.1,0:45.62
2026-10-03T16:44:59.439735+00:00,32.362,463872,37.2,0:46.15
2026-10-03T16:45:00.454898+00:00,33.377,460192,39.8,0:46.70
2026-10-03T16:45:01.467408+00:00,34.39,462880,37.6,0:47.22
2026-10-03T16:45:02.478194+00:00,35.401,465008,37.5,0:47.72
2026-10-03T16:45:03.486684+00:00,36.409,465232,37.3,0:48.26
2026-10-03T16:45:04.501426+00:00,37.424,461024,39.1,0:48.80
2026-10-03T16:45:05.513116+00:00,38.436,461760,38.2,0:49.33
2026-10-03T16:45:06.525551+00:00,39.448,464208,41.0,0:49.89
2026-10-03T16:45:07.542382+00:00,40.465,466496,39.6,0:50.42
2026-10-03T16:45:08.555886+00:00,41.478,462192,41.4,0:50.96
2026-10-03T16:45:09.567122+00:00,42.489,464096,40.9,0:51.50
2026-10-03T16:45:10.578894+00:00,43.501,464400,37.9,0:52.03
2026-10-03T16:45:11.590464+00:00,44.513,466256,38.1,0:52.56
2026-10-03T16:45:12.602800+00:00,45.525,462336,41.0,0:53.11
2026-10-03T16:45:13.614364+00:00,46.537,465520,37.3,0:53.64
2026-10-03T16:45:14.624284+00:00,47.547,461232,39.1,0:54.17
2026-10-03T16:45:15.637364+00:00,48.56,463728,38.2,0:54.68
2026-10-03T16:45:16.650013+00:00,49.572,465472,40.8,0:55.23
2026-10-03T16:45:17.660626+00:00,50.583,462048,41.8,0:55.79
2026-10-03T16:45:18.671554+00:00,51.594,462512,38.5,0:56.31
2026-10-03T16:45:19.681918+00:00,52.604,465984,45.7,0:56.87
2026-10-03T16:45:20.692038+00:00,53.614,461488,39.5,0:57.40
2026-10-03T16:45:21.703821+00:00,54.626,464464,40.7,0:57.94
2026-10-03T16:45:22.715777+00:00,55.638,468192,33.1,0:58.38
2026-10-03T16:45:23.728397+00:00,56.651,469472,39.9,0:58.93
2026-10-03T16:45:24.740799+00:00,57.663,464336,42.2,0:59.49
2026-10-03T16:45:25.750023+00:00,58.672,466832,42.1,1:00.04
2026-10-03T16:45:26.762116+00:00,59.684,470032,38.9,1:00.59
2026-10-03T16:45:27.771192+00:00,60.693,466944,39.1,1:01.13
2026-10-03T16:45:28.783407+00:00,61.706,468288,40.8,1:01.68
2026-10-03T16:45:29.791250+00:00,62.713,468784,40.7,1:02.23
2026-10-03T16:45:30.805007+00:00,63.727,471456,38.1,1:02.77
2026-10-03T16:45:31.814167+00:00,64.736,467664,36.5,1:03.32
2026-10-03T16:45:32.823274+00:00,65.745,470112,40.0,1:03.85
2026-10-03T16:45:33.834840+00:00,66.757,467360,39.5,1:04.38
2026-10-03T16:45:34.842696+00:00,67.765,467440,39.6,1:04.94
2026-10-03T16:45:35.849132+00:00,68.771,472080,41.4,1:05.50
2026-10-03T16:45:36.858884+00:00,69.781,471184,42.3,1:06.07
2026-10-03T16:45:37.869952+00:00,70.792,467968,38.3,1:06.58
2026-10-03T16:45:38.880919+00:00,71.803,465424,36.3,1:07.11
2026-10-03T16:45:39.888062+00:00,72.81,469840,39.2,1:07.66
2026-10-03T16:45:40.903335+00:00,73.825,470112,40.8,1:08.21
2026-10-03T16:45:41.912265+00:00,74.834,467632,40.6,1:08.75
2026-10-03T16:45:42.919905+00:00,75.842,467184,40.8,1:09.28
2026-10-03T16:45:43.928191+00:00,76.85,473072,29.5,1:09.69
2026-10-03T16:45:44.938442+00:00,77.861,466320,37.4,1:10.19
2026-10-03T16:45:45.948345+00:00,78.87,470032,35.3,1:10.67
2026-10-03T16:45:46.958974+00:00,79.881,469152,36.4,1:11.17
2026-10-03T16:45:47.969018+00:00,80.891,473152,31.7,1:11.62
2026-10-03T16:45:48.979118+00:00,81.901,466272,32.6,1:12.08
2026-10-03T16:45:49.986219+00:00,82.908,469584,33.8,1:12.55
2026-10-03T16:45:50.995587+00:00,83.918,468560,36.1,1:13.05
2026-10-03T16:45:52.002504+00:00,84.925,472336,34.0,1:13.51
2026-10-03T16:45:53.012718+00:00,85.935,465840,33.4,1:13.99
2026-10-03T16:45:54.021338+00:00,86.943,468624,33.6,1:14.48
2026-10-03T16:45:55.033403+00:00,87.955,470880,33.3,1:14.96
2026-10-03T16:45:56.045932+00:00,88.968,466352,33.2,1:15.43
2026-10-03T16:45:57.057070+00:00,89.979,468176,35.5,1:15.91
2026-10-03T16:45:58.068453+00:00,90.99,470704,33.9,1:16.39
2026-10-03T16:45:59.078684+00:00,92.001,472128,34.7,1:16.89
2026-10-03T16:46:00.090366+00:00,93.012,466528,33.9,1:17.38
2026-10-03T16:46:01.100390+00:00,94.022,465264,32.3,1:17.85
2026-10-03T16:46:02.113155+00:00,95.035,467216,33.3,1:18.32
2026-10-03T16:46:03.124768+00:00,96.047,468688,36.0,1:18.81
2026-10-03T16:46:04.137748+00:00,97.06,469856,33.8,1:19.28
2026-10-03T16:46:05.150231+00:00,98.072,470800,32.8,1:19.76
2026-10-03T16:46:06.162286+00:00,99.084,467664,35.9,1:20.25
2026-10-03T16:46:07.176019+00:00,100.098,466480,39.1,1:20.76
2026-10-03T16:46:08.182793+00:00,101.105,470704,34.2,1:21.22
2026-10-03T16:46:09.193624+00:00,102.115,469904,34.7,1:21.71
2026-10-03T16:46:10.205086+00:00,103.127,471568,33.7,1:22.18
2026-10-03T16:46:11.216031+00:00,104.138,472128,35.7,1:22.67
2026-10-03T16:46:12.223635+00:00,105.145,469152,32.5,1:23.10
2026-10-03T16:46:13.234569+00:00,106.156,469360,35.6,1:23.61
2026-10-03T16:46:14.245742+00:00,107.168,471552,35.2,1:24.09
2026-10-03T16:46:15.255135+00:00,108.177,465056,35.5,1:24.58
2026-10-03T16:46:16.262067+00:00,109.184,467728,35.0,1:25.06
2026-10-03T16:46:17.273807+00:00,110.196,468640,33.7,1:25.55
2026-10-03T16:46:18.283518+00:00,111.205,472336,34.4,1:26.05
2026-10-03T16:46:19.293856+00:00,112.216,465376,34.3,1:26.53
2026-10-03T16:46:20.304584+00:00,113.226,469424,34.4,1:27.01
2026-10-03T16:46:21.317254+00:00,114.239,469744,34.0,1:27.50
2026-10-03T16:46:22.330269+00:00,115.252,471104,34.1,1:27.97
2026-10-03T16:46:23.341164+00:00,116.263,466048,36.1,1:28.47
2026-10-03T16:46:24.348227+00:00,117.27,466864,31.7,1:28.93
2026-10-03T16:46:25.358040+00:00,118.28,469344,33.5,1:29.37
2026-10-03T16:46:26.366619+00:00,119.288,471216,35.9,1:29.86
2026-10-03T16:46:27.377267+00:00,120.299,465904,34.4,1:30.35
2026-10-03T16:46:28.383286+00:00,121.305,466624,36.3,1:30.84
2026-10-03T16:46:29.393005+00:00,122.315,468176,34.5,1:31.33
2026-10-03T16:46:30.406063+00:00,123.328,469104,33.8,1:31.81
2026-10-03T16:46:31.416738+00:00,124.338,470880,32.9,1:32.28
2026-10-03T16:46:32.425173+00:00,125.347,472320,34.1,1:32.74
2026-10-03T16:46:33.434237+00:00,126.356,466112,34.1,1:33.23
2026-10-03T16:46:34.445306+00:00,127.367,467760,34.1,1:33.72
2026-10-03T16:46:35.457062+00:00,128.379,468752,34.2,1:34.18
2026-10-03T16:46:36.467353+00:00,129.389,471072,36.9,1:34.68
2026-10-03T16:46:37.476731+00:00,130.398,471616,39.1,1:35.20
2026-10-03T16:46:38.486626+00:00,131.408,467632,38.4,1:35.71
2026-10-03T16:46:39.494424+00:00,132.416,470288,35.7,1:36.21
2026-10-03T16:46:40.506659+00:00,133.428,473184,35.4,1:36.69
2026-10-03T16:46:41.517680+00:00,134.439,471456,34.5,1:37.19
2026-10-03T16:46:42.526203+00:00,135.448,466960,36.5,1:37.69
2026-10-03T16:46:43.534347+00:00,136.456,469568,36.9,1:38.18
2026-10-03T16:46:44.541305+00:00,137.463,469760,38.4,1:38.68
2026-10-03T16:46:45.547505+00:00,138.469,472336,40.0,1:39.19
2026-10-03T16:46:46.558582+00:00,139.48,466832,38.9,1:39.70
2026-10-03T16:46:47.565167+00:00,140.487,468256,40.8,1:40.23
2026-10-03T16:46:48.574128+00:00,141.496,468304,38.2,1:40.73
2026-10-03T16:46:49.582645+00:00,142.504,470976,35.7,1:41.19
2026-10-03T16:46:50.593971+00:00,143.516,465408,36.9,1:41.65
2026-10-03T16:46:51.604390+00:00,144.526,468528,34.7,1:42.14
2026-10-03T16:46:52.612506+00:00,145.534,469504,36.0,1:42.60
2026-10-03T16:46:53.622939+00:00,146.544,471312,33.9,1:43.06
2026-10-03T16:46:54.632647+00:00,147.554,473808,43.2,1:43.56
2026-10-03T16:46:55.644496+00:00,148.566,467488,34.5,1:44.04
2026-10-03T16:46:56.655208+00:00,149.577,468880,36.5,1:44.53
2026-10-03T16:46:57.664582+00:00,150.586,468656,34.7,1:45.02
2026-10-03T16:46:58.674288+00:00,151.596,470944,39.6,1:45.52
2026-10-03T16:46:59.686721+00:00,152.608,466448,35.4,1:46.02
2026-10-03T16:47:00.698859+00:00,153.62,467840,34.4,1:46.50
2026-10-03T16:47:01.710007+00:00,154.631,467536,34.2,1:46.99
2026-10-03T16:47:02.719964+00:00,155.641,470400,36.5,1:47.49
2026-10-03T16:47:03.730984+00:00,156.652,472256,36.1,1:47.98
2026-10-03T16:47:04.740666+00:00,157.662,466480,35.2,1:48.47
2026-10-03T16:47:05.751538+00:00,158.673,468240,30.0,1:48.91
2026-10-03T16:47:06.762109+00:00,159.684,470928,36.6,1:49.40
2026-10-03T16:47:07.769565+00:00,160.691,471808,34.9,1:49.88
2026-10-03T16:47:08.778962+00:00,161.7,466288,36.2,1:50.39
2026-10-03T16:47:09.789372+00:00,162.711,468944,36.6,1:50.89
2026-10-03T16:47:10.799637+00:00,163.721,471536,35.8,1:51.39
2026-10-03T16:47:11.811256+00:00,164.733,468048,37.1,1:51.89
2026-10-03T16:47:12.823252+00:00,165.745,468320,37.7,1:52.41
2026-10-03T16:47:13.834151+00:00,166.755,472384,34.2,1:52.91
2026-10-03T16:47:14.840872+00:00,167.762,472672,37.7,1:53.39
2026-10-03T16:47:15.847535+00:00,168.769,467712,36.0,1:53.88
2026-10-03T16:47:16.855325+00:00,169.777,467424,31.9,1:54.34
2026-10-03T16:47:17.862245+00:00,170.784,471968,33.5,1:54.80
2026-10-03T16:47:18.874041+00:00,171.795,471888,35.6,1:55.31
2026-10-03T16:47:19.886677+00:00,172.808,468624,35.6,1:55.80
2026-10-03T16:47:20.893903+00:00,173.815,469104,35.2,1:56.29
2026-10-03T16:47:21.906310+00:00,174.828,472816,34.9,1:56.80
2026-10-03T16:47:22.917521+00:00,175.839,465808,37.0,1:57.30
2026-10-03T16:47:23.924251+00:00,176.846,467344,38.1,1:57.82
2026-10-03T16:47:24.933622+00:00,177.855,468048,34.5,1:58.31
2026-10-03T16:47:25.945763+00:00,178.867,470576,37.6,1:58.84
2026-10-03T16:47:26.956220+00:00,179.877,470560,37.5,1:59.35
