elapsedSeconds,workingSetBytes,privateBytes,cpuSeconds,handles,threads,gpuBusyPercent,gpu3DPercent,gpuVideoDecodePercent,gpuVideoEncodePercent,gpuVideoProcessingPercent,gpuCopyPercent,gpuDedicatedBytes,gpuSharedBytes
1.394,1435328512,1457881088,60.875,1379,76,72.2306,72.2306,17.8438,,0,0,0,1067524096
2.472,1424752640,1447215104,62.1875,1379,76,72.3191,72.3191,17.4433,,0,0,0,1067524096
3.494,1434972160,1458360320,63.5,1379,76,71.213,71.213,17.9615,,0,0,0,1067524096
4.517,1426640896,1449115648,64.765625,1379,76,70.6231,70.6231,17.7759,,0,0,0,1067524096
5.554,1438158848,1461067776,65.984375,1379,76,72.5141,72.5141,17.8916,,0,0,0,1067524096
6.579,1425932288,1448591360,67.390625,1377,73,71.5236,71.5236,17.7204,,0,0,0,1067524096
7.605,1436794880,1460461568,68.765625,1377,73,72.5678,72.5678,17.5217,,0,0,0,1067524096
8.631,1426956288,1450024960,69.984375,1377,73,69.6632,69.6632,17.9155,,0,0,0,1067524096
9.663,1438564352,1461858304,71.125,1377,73,70.894,70.894,19.1407,,0,0,0,1067524096
10.69,1428058112,1452478464,72.34375,1380,73,71.0476,71.0476,17.3964,,0,0,0,1067524096
11.71,1440075776,1463189504,73.5625,1379,73,71.2507,71.2507,18.8248,,0,0,0,1067524096
12.737,1427677184,1450737664,74.875,1379,73,72.3427,72.3427,17.1929,,0,0,0,1067524096
13.768,1437167616,1461223424,76.015625,1379,73,70.1213,70.1213,18.8973,,0,0,0,1067524096
14.791,1431154688,1454637056,77.328125,1379,73,71.7413,71.7413,17.6593,,0,0,0,1067524096
15.833,1441476608,1465782272,78.59375,1380,74,71.2922,71.2922,18.2924,,0,0,0,1067524096
16.851,1426735104,1450110976,79.765625,1380,74,72.2157,72.2157,17.5888,,0,0,0,1067524096
17.875,1438969856,1464143872,81,1380,74,74.1972,74.1972,18.3585,,0,0,0,1067524096
18.9,1428557824,1451708416,82.140625,1380,74,71.614,71.614,18.0162,,0,0,0,1067524096
19.927,1416806400,1438994432,83.40625,1379,73,72.9597,72.9597,17.7941,,0,0,0,1067524096
20.965,1430855680,1452908544,84.59375,1379,73,72.0282,72.0282,18.1019,,0,0,0,1067524096
21.992,1438756864,1461473280,85.765625,1379,73,72.6354,72.6354,18.1841,,0,0,0,1067524096
23.032,1438924800,1461481472,87.015625,1379,73,73.4713,73.4713,17.4551,,0,0,0,1067524096
24.057,1438740480,1462005760,88.265625,1379,73,71.979,71.979,18.5,,0,0,0,1067524096
25.08,1442086912,1464844288,89.46875,1379,73,71.609,71.609,17.3539,,0,0,0,1067524096
26.108,1440940032,1463779328,90.71875,1379,73,71.9177,71.9177,18.2078,,0,0,0,1067524096
27.134,1440694272,1464070144,91.84375,1379,73,70.9034,70.9034,17.6026,,0,0,0,1067524096
28.162,1422376960,1444675584,93.109375,1379,73,70.5491,70.5491,17.7641,,0,0,0,1067524096
29.185,1430749184,1453461504,94.15625,1379,73,69.1339,69.1339,18.3621,,0,0,0,1067524096
30.213,1420271616,1442267136,95.125,1379,73,66.0482,66.0482,18.6227,,0,0,0,1067524096
31.238,1434025984,1456295936,95.984375,1379,73,67.0776,67.0776,18.7886,,0,0,0,1067524096
32.281,1440890880,1464315904,97.046875,1379,73,69.2906,69.2906,18.5323,,0,0,0,1068572672
33.314,1440776192,1464139776,98.109375,1379,73,69.1198,69.1198,18.5727,,0,0,0,1068572672
34.354,1427001344,1449676800,99.0625,1379,73,66.2763,66.2763,19.2493,,0,0,0,1068572672
35.389,1438343168,1461080064,100.046875,1379,73,66.5163,66.5163,18.9028,,0,0,0,1068572672
36.402,1442168832,1465364480,101.125,1379,73,69.5894,69.5894,18.2163,,0,0,0,1068572672
37.431,1450500096,1472942080,102.3125,1379,73,68.8074,68.8074,18.4118,,0,0,0,1068572672
38.46,1428582400,1451356160,103.25,1379,73,65.7613,65.7613,19.2138,,0,0,0,1068572672
39.5,1439256576,1463775232,104.21875,1379,73,66.2631,66.2631,19.387,,0,0,0,1068572672
40.534,1427496960,1450094592,105.390625,1379,73,69.5816,69.5816,17.9928,,0,0,0,1068572672
41.552,1440174080,1463640064,106.234375,1379,73,65.4379,65.4379,19.8679,,0,0,0,1068572672
42.573,1438990336,1463681024,107.125,1379,73,67.6524,67.6524,17.7156,,0,0,0,1068572672
43.612,1445109760,1468850176,107.9375,1379,73,66.1203,66.1203,19.1905,,0,0,0,1068572672
44.638,1442062336,1466368000,109.09375,1379,73,69.9243,69.9243,18.4891,,0,0,0,1068572672
45.66,1443602432,1467834368,110.015625,1379,73,68.0447,68.0447,19.0674,,0,0,0,1068572672
46.688,1427804160,1450758144,111.03125,1379,73,68.0184,68.0184,18.2988,,0,0,0,1068572672
47.708,1442996224,1467355136,112.1875,1379,73,66.8286,66.8286,19.3659,,0,0,0,1068572672
48.747,1442787328,1467215872,113.21875,1379,73,68.4798,68.4798,18.5115,,0,0,0,1068572672
49.774,1443069952,1466929152,114.28125,1379,73,70.4028,70.4028,18.2839,,0,0,0,1068572672
50.798,1445519360,1469145088,115.5625,1379,73,72.8567,72.8567,17.8945,,0,0,0,1068572672
51.825,1446432768,1470816256,116.625,1380,74,70.7265,70.7265,18.5362,,0,0,0,1068572672
52.852,1445285888,1469259776,117.953125,1380,74,72.1516,72.1516,17.6843,,0,0,0,1068572672
53.878,1444851712,1469198336,119.015625,1380,74,71.2558,71.2558,18.5924,,0,0,0,1068572672
54.907,1446596608,1470148608,120.234375,1380,74,71.1686,71.1686,17.4804,,0,0,0,1068572672
55.944,1447272448,1469960192,121.3125,1379,73,70.1263,70.1263,18.4782,,0,0,0,1068572672
56.972,1445330944,1468170240,122.46875,1379,73,71.3796,71.3796,17.6276,,0,0,0,1068572672
57.997,1450393600,1473110016,123.59375,1379,73,72.1264,72.1264,17.5278,,0,0,0,1068572672
59.022,1448325120,1471012864,124.84375,1379,73,69.3367,69.3367,18.1262,,0,0,0,1068572672
60.036,1448538112,1471885312,126.0625,1379,73,72.4827,72.4827,18.0218,,0,0,0,1068572672
61.066,1451114496,1474506752,127.15625,1379,73,70.2834,70.2834,17.7978,,0,0,0,1068572672
62.1,1449209856,1471823872,128.53125,1379,73,71.841,71.841,17.6971,,0,0,0,1068572672
63.13,1448210432,1470775296,129.515625,1379,73,70.4874,70.4874,17.4274,,0,0,0,1068572672
64.17,1447698432,1471832064,130.640625,1380,74,69.7729,69.7729,18.1319,,0,0,0,1068572672
65.21,1450061824,1473404928,131.75,1380,74,71.042,71.042,17.6953,,0,0,0,1068572672
66.232,1450696704,1474269184,132.875,1380,74,71.1057,71.1057,17.9424,,0,0,0,1068572672
67.251,1452298240,1475903488,134.125,1380,74,72.3067,72.3067,17.6104,,0,0,0,1068572672
68.276,1454845952,1478524928,135.359375,1380,74,72.091,72.091,17.974,,0,0,0,1068572672
69.301,1455591424,1478381568,136.578125,1379,73,70.6717,70.6717,18.1124,,0,0,0,1068572672
70.343,1451393024,1473855488,137.6875,1379,73,71.2661,71.2661,18.7631,,0,0,0,1068572672
71.366,1454981120,1476980736,138.71875,1379,73,70.0255,70.0255,18.0713,,0,0,0,1068572672
72.39,1450065920,1472053248,139.9375,1379,73,71.0293,71.0293,18.4324,,0,0,0,1068572672
73.412,1450643456,1472552960,140.859375,1379,73,70.0033,70.0033,18.7163,,0,0,0,1068572672
74.435,1451118592,1473212416,142.140625,1379,73,70.0368,70.0368,17.8362,,0,0,0,1068572672
75.472,1451958272,1473875968,143.234375,1379,73,69.588,69.588,18.3293,,0,0,0,1068572672
76.502,1449435136,1471799296,144.46875,1379,73,69.4902,69.4902,17.7005,,0,0,0,1068572672
77.527,1450274816,1472299008,145.765625,1379,73,70.2485,70.2485,18.9758,,0,0,0,1068572672
78.563,1450143744,1472323584,146.96875,1379,73,70.8056,70.8056,17.659,,0,0,0,1068572672
79.598,1450643456,1473347584,148.0625,1379,73,69.6239,69.6239,18.5218,,0,0,0,1068572672
80.621,1427636224,1450909696,149.03125,1361,69,69.7289,69.7289,17.8244,,0,0,0,1068572672
81.644,1442873344,1466499072,150.109375,1359,68,70.1377,70.1377,18.7731,,0,0,0,1068572672
82.667,1444454400,1467969536,151.21875,1359,68,70.6014,70.6014,17.7598,,0,0,0,1068572672
83.684,1445498880,1469382656,152.296875,1359,68,71.7013,71.7013,18.8707,,0,0,0,1068572672
84.717,1443213312,1467170816,153.53125,1359,68,71.5517,71.5517,17.3914,,0,0,0,1068572672
85.755,1448685568,1471442944,154.6875,1359,68,70.4941,70.4941,18.1397,,0,0,0,1068572672
86.78,1447690240,1470586880,155.8125,1359,68,71.7175,71.7175,17.6822,,0,0,0,1068572672
87.806,1447845888,1470525440,156.765625,1359,68,69.2614,69.2614,18.6914,,0,0,0,1068572672
88.833,1450246144,1472831488,157.859375,1359,68,70.6541,70.6541,18.1741,,0,0,0,1068572672
89.86,1451728896,1474506752,158.890625,1361,68,69.5844,69.5844,17.8429,,0,0,0,1068572672
90.883,1451188224,1474768896,160.203125,1361,68,71.5465,71.5465,18.1859,,0,0,0,1068572672
91.904,1450270720,1474244608,161.25,1361,68,70.8209,70.8209,17.8093,,0,0,0,1068572672
92.934,1451741184,1475297280,162.34375,1361,68,68.9232,68.9232,17.755,,0,0,0,1068572672
93.97,1451798528,1474248704,163.53125,1361,68,66.931,66.931,18.9999,,0,0,0,1068572672
94.998,1451696128,1474203648,164.71875,1360,68,68.7291,68.7291,18.1337,,0,0,0,1068572672
96.022,1450962944,1474232320,165.8125,1361,69,67.1074,67.1074,19.5839,,0,0,0,1068572672
97.05,1456066560,1478488064,166.859375,1361,69,67.0657,67.0657,18.5092,,0,0,0,1068572672
98.072,1453506560,1476308992,167.921875,1361,69,68.1648,68.1648,18.766,,0,0,0,1068572672
99.088,1457434624,1479843840,169.140625,1361,69,71.3927,71.3927,17.8778,,0,0,0,1068572672
100.129,1453285376,1479266304,170.375,1362,70,72.4068,72.4068,18.7479,,0,0,0,1068572672
101.152,1453871104,1479770112,171.625,1362,70,73.2271,73.2271,17.9121,,0,0,0,1068572672
102.179,1444986880,1475485696,172.875,1362,70,71.7168,71.7168,18.3862,,0,0,0,1068572672
103.2,1439113216,1479131136,174.203125,1362,70,71.4605,71.4605,18.0912,,0,0,0,1068572672
104.215,1429348352,1476120576,175.3125,1362,70,70.742,70.742,18.661,,0,0,0,1068572672
105.243,1422499840,1475723264,176.640625,1361,69,72.827,72.827,17.6004,,0,0,0,1068572672
106.266,1423388672,1476792320,177.875,1361,69,71.4323,71.4323,18.6554,,0,0,0,1068572672
107.289,1423978496,1477816320,179.09375,1361,69,70.6043,70.6043,17.8181,,0,0,0,1068572672
108.311,1419014144,1475219456,180.25,1361,69,70.7341,70.7341,18.8126,,0,0,0,1068572672
109.339,1419628544,1475719168,181.28125,1361,69,70.2096,70.2096,18.0457,,0,0,0,1068572672
110.363,1420279808,1477165056,182.375,1362,70,71.0909,71.0909,18.4777,,0,0,0,1068572672
111.389,1412665344,1477664768,183.546875,1362,70,71.1791,71.1791,18.613,,0,0,0,1068572672
112.415,1408151552,1475592192,184.5,1362,70,70.797,70.797,18.4246,,0,0,0,1068572672
113.441,1406218240,1475584000,185.71875,1362,70,72.2928,72.2928,18.1998,,0,0,0,1068572672
114.473,1404256256,1476657152,187.1875,1362,70,74.5026,74.5026,17.3383,,0,0,0,1068572672
115.504,1396596736,1475072000,188.484375,1361,69,70.2142,70.2142,18.3298,,0,0,0,1068572672
116.529,1393537024,1471950848,189.59375,1361,69,70.9596,70.9596,17.5203,,0,0,0,1068572672
117.546,1393053696,1474048000,190.8125,1361,69,71.234,71.234,18.2777,,0,0,0,1068572672
118.574,1391505408,1472630784,192.015625,1361,69,71.1689,71.1689,17.698,,0,0,0,1068572672
119.599,1390669824,1472106496,193.125,1361,69,71.1195,71.1195,18.5384,,0,0,0,1068572672
120.625,1397055488,1478565888,194.609375,1361,69,71.5976,71.5976,17.6176,,0,0,0,1068572672
121.643,1395953664,1477517312,195.890625,1361,69,73.1772,73.1772,17.6681,,0,0,0,1068572672
122.669,1394978816,1476468736,197.046875,1361,69,70.4676,70.4676,18.2431,,0,0,0,1068572672
123.698,1397628928,1479614464,198.109375,1361,69,71.0222,71.0222,17.8838,,0,0,0,1068572672
124.731,1397575680,1479045120,199.375,1361,69,71.0253,71.0253,17.8603,,0,0,0,1068572672
125.768,1396875264,1478520832,200.453125,1362,69,68.964,68.964,18.339,,0,0,0,1068572672
126.811,1397927936,1479430144,201.59375,1362,69,70.2861,70.2861,17.7386,,0,0,0,1068572672
127.832,1400496128,1481527296,202.859375,1362,69,72.2213,72.2213,18.0033,,0,0,0,1068572672
128.854,1400832000,1481920512,204.046875,1362,69,71.279,71.279,17.7615,,0,0,0,1068572672
129.884,1400115200,1481396224,205.125,1362,69,69.8518,69.8518,19.0421,,0,0,0,1068572672
130.924,1399685120,1480835072,206.1875,1362,69,69.3091,69.3091,17.918,,0,0,0,1068572672
131.949,1399697408,1480773632,207.234375,1362,69,68.4765,68.4765,19.2661,,0,0,0,1068572672
132.967,1400082432,1481285632,208.390625,1362,69,69.8906,69.8906,17.8539,,0,0,0,1068572672
134.001,1396236288,1477169152,209.515625,1362,69,72.361,72.361,18.6501,,0,0,0,1068572672
135.029,1400315904,1480978432,210.65625,1362,69,69.0332,69.0332,17.9747,,0,0,0,1068572672
136.044,1397915648,1479426048,211.59375,1362,69,69.5063,69.5063,18.4423,,0,0,0,1068572672
137.067,1398349824,1479401472,212.671875,1362,69,71.2766,71.2766,17.8624,,0,0,0,1068572672
138.092,1395953664,1476804608,213.8125,1362,69,70.5135,70.5135,18.6109,,0,0,0,1068572672
139.114,1398915072,1479925760,214.90625,1362,69,69.8688,69.8688,18.5732,,0,0,0,1068572672
140.137,1396469760,1477165056,216.03125,1362,69,69.9512,69.9512,18.2416,,0,0,0,1068572672
141.166,1400512512,1481334784,217.15625,1362,69,71.6044,71.6044,18.0101,,0,0,0,1068572672
142.183,1397592064,1478213632,218.28125,1362,69,70.5183,70.5183,18.7782,,0,0,0,1068572672
143.205,1397477376,1478205440,219.40625,1362,69,70.3139,70.3139,18.1202,,0,0,0,1068572672
144.225,1395355648,1476657152,220.625,1362,69,73.4801,73.4801,18.014,,0,0,0,1068572672
145.247,1397706752,1478230016,221.8125,1362,69,69.1688,69.1688,18.4527,,0,0,0,1068572672
146.269,1395171328,1475633152,222.75,1362,69,67.9715,67.9715,19.5797,,0,0,0,1068572672
147.295,1394069504,1475108864,223.8125,1362,69,70.1515,70.1515,18.0717,,0,0,0,1068572672
148.316,1396633600,1477206016,224.984375,1362,69,70.9967,70.9967,17.8614,,0,0,0,1068572672
149.352,1395707904,1476157440,226.03125,1362,69,70.085,70.085,18.1289,,0,0,0,982024192
150.366,1395138560,1476034560,227.0625,1362,69,69.1833,69.1833,18.253,,0,0,0,982024192
151.404,1398894592,1479651328,228.109375,1362,69,71.6602,71.6602,18.0357,,0,0,0,982024192
152.424,1398108160,1478078464,229.140625,1362,69,70.0977,70.0977,17.4778,,0,0,0,982024192
153.448,1397276672,1477554176,230.265625,1362,69,67.4129,67.4129,18.6698,,0,0,0,982024192
154.468,1396445184,1477029888,231.40625,1362,69,68.5019,68.5019,18.563,,0,0,0,982024192
155.495,1399992320,1480126464,232.484375,1362,69,68.9403,68.9403,18.678,,0,0,0,982024192
156.52,1397886976,1478017024,233.734375,1362,69,69.7339,69.7339,18.4071,,0,0,0,982024192
157.544,1399349248,1479651328,234.609375,1362,69,66.4694,66.4694,18.8203,,0,0,0,982024192
158.569,1373265920,1453150208,235.59375,1362,69,66.0786,66.0786,18.9091,,0,0,0,982024192
159.594,1386848256,1468522496,236.796875,1362,69,67.6477,67.6477,19.7546,,0,0,0,982024192
160.633,1391775744,1474797568,237.625,1362,69,66.9758,66.9758,18.6181,,0,0,0,982024192
161.659,1399672832,1481265152,238.546875,1362,69,65.8682,65.8682,19.7849,,0,0,0,982024192
162.674,1396367360,1478189056,239.53125,1362,69,66.2177,66.2177,18.8104,,0,0,0,982024192
163.701,1397501952,1479127040,240.8125,1362,69,70.8961,70.8961,18.9431,,0,0,0,982024192
164.728,1397063680,1478651904,241.984375,1362,69,69.5855,69.5855,17.707,,0,0,0,982024192
165.758,1399697408,1480749056,243.1875,1362,69,67.7227,67.7227,18.5907,,0,0,0,982024192
166.779,1398595584,1479172096,244.296875,1362,69,68.3938,68.3938,19.0566,,0,0,0,982024192
167.802,1397821440,1478647808,245.546875,1362,69,68.1943,68.1943,19.3996,,0,0,0,982024192
168.843,1394204672,1477480448,246.5625,1362,69,68.152,68.152,17.9706,,0,0,0,982024192
169.867,1394700288,1479053312,247.796875,1362,69,70.9873,70.9873,18.1773,,0,0,0,982024192
170.893,1384857600,1477840896,248.796875,1362,69,70.5504,70.5504,17.3908,,0,0,0,982024192
171.915,1380425728,1476792320,249.984375,1362,69,71.9626,71.9626,18.5029,,0,0,0,982024192
172.933,1373503488,1478905856,251.046875,1362,69,70.2609,70.2609,17.8017,,0,0,0,982024192
173.956,1357615104,1476308992,252.109375,1362,69,69.1073,69.1073,18.7474,,0,0,0,982024192
174.979,1349419008,1475260416,253.296875,1362,69,71.5144,71.5144,17.9002,,0,0,0,982024192
176.018,1350705152,1476333568,254.53125,1362,69,74.0007,74.0007,17.7735,,0,0,0,982024192
177.043,1349644288,1475284992,255.6875,1362,69,69.9955,69.9955,17.9133,,0,0,0,982024192
178.069,1350549504,1477279744,256.921875,1363,70,71.5332,71.5332,17.8941,,0,0,0,982024192
179.094,1352912896,1479376896,258.15625,1363,70,73.8233,73.8233,17.6599,,0,0,0,982024192
180.123,1352687616,1478791168,259.25,1363,70,70.7895,70.7895,18.1172,,0,0,0,982024192
181.163,1352699904,1479262208,260.359375,1363,70,70.4781,70.4781,18.0542,,0,0,0,982024192
182.185,1351966720,1478213632,261.5,1363,70,71.3583,71.3583,17.6433,,0,0,0,982024192
183.212,1352044544,1479774208,262.546875,1362,69,70.5668,70.5668,17.6471,,0,0,0,982024192
184.238,1348956160,1478201344,263.828125,1362,69,69.2341,69.2341,18.3783,,0,0,0,982024192
185.268,1348014080,1477156864,264.875,1362,69,71.371,71.371,17.692,,0,0,0,982024192
