iteration,liveTextures,privateBytes,workingSetBytes
0,0,73748480,54755328
1,1,84942848,54906880
2,2,88137728,54956032
3,3,99913728,54984704
4,4,103108608,55025664
5,5,115036160,55193600
6,6,118280192,55283712
7,7,130039808,55300096
8,8,133226496,55341056
9,9,145096704,55455744
10,10,148303872,55513088
11,11,160067584,55525376
12,12,163258368,55570432
13,13,175030272,55595008
14,14,178188288,55607296
15,15,190054400,55717888
16,16,193282048,55799808
17,17,205082624,55848960
18,18,208338944,55943168
19,19,220090368,55963648
20,20,223248384,55967744
21,21,235114496,56082432
22,22,238284800,56107008
23,23,250167296,56233984
24,24,253349888,56270848
25,25,265142272,56311808
26,26,268435456,56451072
27,27,280289280,56557568
28,28,283508736,56627200
29,29,295264256,56631296
30,30,298418176,56635392
31,31,310198272,56664064
32,32,313368576,56688640
33,33,325144576,56717312
34,34,328298496,56725504
35,35,340123648,56799232
36,36,343347200,56868864
37,37,355102720,56872960
38,38,358293504,56909824
39,39,370192384,57069568
40,40,373366784,57102336
41,41,385122304,57106432
42,42,388366336,57196544
43,43,400277504,57348096
44,44,403447808,57372672
45,45,415436800,57606144
46,46,418607104,57630720
47,47,430362624,57634816
48,48,433561600,57692160
49,49,445321216,57696256
50,50,448507904,57737216
51,51,460288000,57761792
52,52,463478784,57802752
53,53,475230208,57806848
54,54,478404608,57835520
55,55,490176512,57847808
56,56,493404160,57929728
57,57,505180160,57958400
58,58,508534784,58159104
59,59,520286208,58167296
60,60,523464704,58187776
