clientSeconds,privateBytes,workingSetBytes,cpuSeconds,handles,threads,gpuSharedBytes,gpu3DPercent,gpuVideoDecodePercent,gpuCopyPercent
5.224,1408917504,1379577856,6.390625,1365,84,921362432,64.5284,19.3985,0
6.25,1388572672,1353846784,7.453125,1365,83,921362432,66.2311,20.0751,0
7.286,1400909824,1372708864,8.59375,1365,82,921366528,70.2665,17.8531,0
8.318,1396826112,1367420928,9.734375,1366,83,922415104,68.1159,18.8898,0
9.345,1405636608,1376796672,10.71875,1366,83,922415104,66.5791,19.2124,0
10.38,1401782272,1373310976,11.953125,1366,83,922415104,66.9667,18.684,0
11.417,1411702784,1381720064,13.046875,1366,83,922415104,66.3471,18.9404,0
12.443,1397063680,1368752128,14.125,1366,83,922415104,67.028,18.8698,0
13.472,1404203008,1376800768,15.203125,1365,82,922415104,66.5656,18.7477,0
14.516,1396621312,1368096768,16.1875,1366,83,922415104,65.6008,18.8587,0
15.565,1414656000,1385435136,17.09375,1366,83,922415104,64.9938,18.6743,0
16.592,2417561600,2364698624,18.125,1415,90,1612681216,58.5127,21.1347,0
17.621,1589997568,1549955072,19.25,1390,86,927150080,63.09,21.1947,0
18.667,1566801920,1528520704,20.40625,1392,86,927150080,70.0321,17.68,0
19.703,1552547840,1519960064,21.5,1391,85,927150080,71.5684,18.0218,0
20.737,1556586496,1528016896,22.65625,1392,86,927150080,71.7227,17.3884,0
21.781,1546256384,1517539328,23.8125,1392,86,927150080,71.5251,18.1506,0
22.822,1561309184,1531129856,25,1384,84,927150080,70.2536,18.3211,0
23.855,1435389952,1407582208,26.265625,1381,83,927150080,72.3963,17.2129,0
24.894,1455403008,1427292160,27.296875,1380,82,927150080,69.5357,18.5959,0
25.928,1980256256,1434275840,28.515625,1408,89,932200448,68.4906,16.8492,0
26.982,2415030272,2356736000,29.296875,1415,90,1613156352,53.0006,20.9186,0
28.018,1579397120,1524899840,30.078125,1392,86,927625216,63.9255,18.6916,0
29.055,1590317056,1538068480,31.1875,1391,86,927621120,66.0158,20.0997,0
30.096,1556000768,1524080640,32.328125,1391,86,927621120,68.4216,17.832,0
31.137,1569656832,1534644224,33.421875,1391,86,927621120,68.2914,19.0204,0
32.171,1561636864,1530195968,34.671875,1380,83,927621120,66.6574,19.2635,0
33.216,1471250432,1438740480,35.703125,1380,83,927621120,66.948,18.8693,0
34.259,1445666816,1417076736,36.75,1380,83,927621120,69.2755,18.3819,0
35.299,1458655232,1428783104,37.546875,1380,83,927621120,65.0173,19.5546,0
36.334,2311262208,2247159808,38.421875,1410,88,1651625984,55.2934,17.9889,0
37.365,1598083072,1551908864,39.203125,1389,86,928096256,60.0865,21.596,0
38.402,1571926016,1524117504,40.015625,1391,86,928096256,62.6216,19.9241,0
39.44,1564680192,1521487872,41.09375,1391,86,928096256,67.6284,19.0036,0
40.481,1562136576,1531736064,41.9375,1392,87,928096256,65.9893,19.0943,0
41.511,1548812288,1520517120,43.015625,1391,86,928096256,67.3826,19.152,0
42.541,1561931776,1532166144,43.96875,1383,84,928096256,65.8895,19.5153,0
43.578,1436213248,1409335296,45.015625,1380,83,928096256,67.1464,19.3189,0
44.599,1448005632,1419264000,45.96875,1381,84,928096256,67.4493,18.8192,0
45.634,1437347840,1409454080,46.734375,1381,83,928096256,66.1392,19.2988,0
46.655,2436964352,2382065664,47.4375,1415,90,1660653568,46.6816,16.3206,0
47.687,1656451072,1607049216,48.421875,1392,86,928575488,62.7613,21.1969,0
48.725,1633783808,1583685632,49.515625,1392,86,928575488,70.8449,17.733,0
49.774,1612689408,1570701312,50.9375,1391,85,928575488,72.217,18.405,0
50.815,1608527872,1579458560,51.875,1392,86,928575488,71.0598,18.1607,0
51.85,1596952576,1566834688,52.9375,1392,86,928575488,71.5051,18.0056,0
52.889,1615654912,1586171904,53.890625,1384,84,928575488,70.2022,18.3917,0
53.928,1444102144,1417453568,55.171875,1381,83,928575488,71.4505,17.4911,0
54.955,1458032640,1429266432,56.234375,1381,83,928575488,69.9061,18.8921,0
55.997,1443577856,1416441856,57.359375,1380,82,928575488,71.7526,17.3153,0
57.032,1455476736,1427988480,58.53125,1380,82,928575488,70.1331,18.4781,0
58.066,1441832960,1415753728,59.703125,1380,82,928575488,71.5166,17.428,0
59.104,1453293568,1425612800,60.78125,1379,80,928575488,69.5949,18.6709,0
60.143,1448091648,1421844480,61.84375,1379,80,928575488,69.651,17.7709,0
61.181,1453142016,1424957440,62.875,1280,72,928575488,69.5374,18.7485,0
62.215,1439330304,1410973696,63.796875,1280,72,928575488,67.237,18.7344,0
63.239,1449648128,1420247040,64.6875,1347,78,928575488,66.2054,19.4413,0
64.279,1460330496,1424293888,65.921875,1393,83,928575488,68.9769,18.523,0
65.323,1468895232,1434689536,66.6875,1390,83,928575488,64.1252,19.5747,0
66.358,1454845952,1422364672,67.703125,1389,82,928575488,64.3002,19.461,0
67.406,1473069056,1439846400,68.796875,1389,82,928575488,66.9763,19.6238,0
68.439,1474908160,1442086912,69.65625,1389,82,928575488,65.4302,19.0504,0
69.469,1476550656,1441964032,70.609375,1390,83,928575488,65.4887,18.495,0
70.498,1475907584,1441271808,71.59375,1390,83,928575488,67.7386,18.337,0
71.522,1475420160,1441525760,72.53125,1390,83,928575488,65.1876,19.2553,0
72.563,1474588672,1440935936,73.453125,1390,83,928575488,66.4938,18.6069,0
73.601,1449996288,1416368128,74.390625,1390,83,928575488,66.0306,19.0949,0
74.638,1460207616,1426145280,75.515625,1390,83,928575488,67.1455,18.3099,0
75.68,1477570560,1441509376,76.40625,1390,83,928575488,65.7288,19.1225,0
76.723,1480196096,1444782080,77.34375,1390,83,928575488,66.29,19.288,0
77.762,1480806400,1445203968,78.359375,1390,83,928575488,65.7959,19.9632,0
78.789,1481842688,1446739968,79.390625,1390,83,928575488,68.848,19.1915,0
79.829,1479503872,1443815424,80.671875,1390,83,928575488,69.5789,17.6121,0
80.867,1479475200,1444679680,81.625,1390,83,928575488,67.0503,19.6224,0
81.91,1476988928,1442594816,82.78125,1390,83,928575488,68.5307,18.6678,0
82.953,1478172672,1443577856,83.765625,1390,83,928575488,65.4806,19.4615,0
83.988,1482395648,1448087552,84.890625,1390,83,928575488,68.7226,18.9431,0
85.025,1481314304,1448644608,85.875,1389,82,928575488,68.8273,18.7556,0
86.055,1481846784,1447911424,86.796875,1390,83,928575488,65.7774,18.5476,0
87.096,1480798208,1447030784,87.625,1390,83,928575488,64.3617,20.2462,0
88.139,1480118272,1446105088,88.71875,1390,83,928575488,68.9136,18.251,0
89.18,1479049216,1444818944,89.65625,1390,82,928575488,64.9448,19.7817,0
90.21,1477488640,1443385344,90.59375,1390,82,928575488,66.7137,19.3047,0
91.235,1476964352,1442615296,91.40625,1390,82,928575488,65.4733,19.4264,0
92.277,1480667136,1446957056,92.3125,1390,82,928575488,67.0946,18.9984,0
93.32,1480142848,1447026688,93.25,1391,82,928575488,65.4875,19.1402,0
94.358,1477578752,1444536320,94.171875,1391,82,928575488,65.3811,19.2862,0
95.39,1476464640,1443688448,95.046875,1391,82,928575488,65.6835,19.3478,0
96.427,1474355200,1442643968,96.046875,1390,81,928575488,66.185,19.092,0
97.467,1476206592,1443573760,97.140625,1390,81,928575488,67.4453,18.7125,0
98.506,1476214784,1442680832,98.125,1391,82,928575488,65.2196,19.6064,0
99.549,1481998336,1448796160,98.921875,1391,82,928575488,66.0872,18.9792,0
100.585,1481469952,1447948288,99.921875,1391,82,928575488,66.4167,18.7513,0
101.619,1533050880,1493671936,100.875,1392,82,954134528,68.0526,18.9668,0
102.657,1550004224,1512882176,101.890625,1392,82,935866368,68.3455,18.9522,0
103.694,1556426752,1517408256,102.84375,1392,82,961413120,65.4567,19.0551,0
104.737,1573818368,1540857856,103.96875,1392,82,943149056,69.3568,17.8801,0
105.779,1572868096,1541226496,105.34375,1392,82,971902976,69.3758,18.931,0
106.815,1571225600,1544253440,106.5625,1393,82,1002160128,72.4765,18.5483,0
107.85,1564377088,1537957888,107.921875,1391,81,965308416,74.7302,18.4243,0
108.886,1566986240,1539993600,108.96875,1392,82,983277568,67.1222,19.2153,0
109.927,1564303360,1537507328,110.640625,1392,82,972599296,76.0929,17.6813,0
110.964,1565851648,1539121152,111.890625,1394,82,990552064,67.6821,18.7378,0
111.999,1563824128,1536663552,113.296875,1392,82,979714048,72.9359,17.6678,0
113.027,1566064640,1538576384,114.359375,1392,82,1005260800,66.5138,19.8498,0
114.06,1562918912,1537130496,115.609375,1391,81,986980352,72.0955,17.652,0
115.099,1566056448,1538961408,116.828125,1392,82,1012535296,68.6793,19.3867,0
116.136,1566060544,1539170304,118.0625,1392,82,994258944,68.943,18.1147,0
117.161,1566060544,1539309568,119.171875,1392,82,1019809792,68.9479,19.3574,0
118.204,1566420992,1539350528,120.34375,1392,82,1001529344,68.1408,17.7657,0
119.226,1566945280,1539321856,121.609375,1392,82,1027072000,70.3165,18.7706,0
120.251,1564872704,1537929216,122.671875,1392,82,1008803840,69.3818,18.072,0
121.269,1565405184,1538269184,123.78125,1392,82,1034354688,68.425,18.7753,0
122.29,1563348992,1536548864,125.171875,1392,82,1016082432,72.6619,18.1125,0
123.315,1563873280,1536749568,126.046875,1392,82,1044840448,64.4658,19.2516,0
124.338,1562320896,1535397888,127.28125,1392,82,1026572288,68.8228,18.4906,0
125.374,1563176960,1536978944,128.59375,1391,81,1052114944,69.4522,18.4006,0
126.4,1563713536,1536765952,130,1392,82,1031806976,70.7472,18.186,0
127.439,1565163520,1538064384,131.171875,1392,82,1057349632,67.8,18.9384,0
128.48,1566154752,1539330048,132.484375,1392,82,1039097856,69.1689,18.1577,0
129.512,1567211520,1539743744,133.703125,1392,82,1067847680,67.7341,18.6581,0
130.554,1566687232,1539751936,134.765625,1392,82,1049563136,70.4645,18.7317,0
131.583,1567735808,1538822144,135.859375,1392,82,1075118080,66.7245,19.1889,0
132.626,1567211520,1533779968,137.203125,1392,82,1056841728,72.1699,17.5958,0
133.662,1566302208,1532907520,138.46875,1367,73,1082396672,67.5568,17.9606,0
134.686,1568956416,1533063168,139.609375,1365,72,1064124416,68.279,18.2513,0
135.734,1568956416,1532243968,140.984375,1365,72,1089679360,69.7899,18.8732,0
136.779,1569857536,1534148608,142.390625,1364,71,1071382528,72.4067,17.4284,0
137.814,1571971072,1526734848,143.5,1366,72,1128988672,68.8055,19.6857,0
138.838,1574043648,1520795648,144.375,1365,72,1096798208,65.9218,19.7472,0
139.884,1564196864,1510612992,145.75,1365,72,1086103552,73.5152,18.0285,0
140.92,1565745152,1512312832,146.9375,1365,72,1104052224,66.3289,18.8119,0
141.954,1562722304,1509076992,148.328125,1365,71,1095319552,70.7091,18.3026,0
142.986,1564958720,1507897344,149.234375,1364,71,1120792576,66.051,19.0248,0
144.017,1573646336,1511776256,150.296875,1364,71,1100496896,70.7542,18.5828,0
145.048,1575723008,1513480192,151.375,1364,71,1126043648,67.2257,19.3594,0
146.086,1575723008,1513549824,152.625,1364,71,1107763200,72.5318,17.5311,0
147.122,1574092800,1511182336,153.921875,1365,72,1133305856,67.1563,19.0909,0
148.16,1573928960,1511223296,155.234375,1365,72,1115041792,70.6759,17.6367,0
149.194,1571926016,1509011456,156.34375,1365,73,1140588544,69.8923,19.5636,0
150.221,1571418112,1508507648,157.4375,1365,73,1122316288,70.2457,17.9641,0
151.262,1572532224,1509625856,158.640625,1365,73,1147867136,68.7776,19.3028,0
152.301,1570983936,1508077568,159.875,1365,73,1129590784,69.1671,17.9907,0
153.343,1570983936,1508474880,161.296875,1365,73,1155137536,70.5227,19.0985,0
154.384,1569959936,1506992128,162.40625,1365,73,1136861184,67.8087,18.0823,0
155.431,1570422784,1507921920,163.609375,1365,73,1162412032,68.0736,18.8169,0
156.464,1570951168,1507926016,164.953125,1365,73,1142108160,71.6654,17.8848,0
157.486,1571045376,1509367808,165.921875,1364,72,1167650816,64.5784,18.8276,0
158.515,1573097472,1510318080,166.921875,1365,73,1149386752,65.7319,18.9789,0
159.563,1573621760,1510768640,168.28125,1365,73,1178144768,68.6729,18.6545,0
160.597,1563377664,1500848128,169.515625,1365,73,1159872512,69.3357,18.1673,0
161.625,1562857472,1500196864,170.53125,1365,73,1159872512,66.8174,19.4659,0
162.666,1562329088,1499410432,171.453125,1365,73,1159872512,65.5538,18.9577,0
163.705,1561624576,1499308032,172.40625,1364,72,1159872512,66.3379,18.4625,0
164.738,1564315648,1501155328,173.515625,1365,73,1159872512,68.5266,18.1038,0
165.77,1561116672,1497571328,174.34375,1365,73,1159872512,65.0237,19.5111,0
166.798,1494421504,1430663168,175.21875,1368,74,1159872512,67.9429,19.4754,0
167.824,1492246528,1428729856,176.15625,1368,74,1159872512,67.141,19.6934,0
168.848,1493340160,1429434368,177.09375,1368,74,1159872512,65.239,20.0147,0
169.87,1489604608,1425833984,178.28125,1368,74,1159872512,70.4587,17.3378,0
170.893,1495912448,1431916544,179.375,1381,77,1164513280,66.0775,18.907,0
171.918,2269474816,2170380288,180.015625,1404,81,1315315712,57.6951,22.2804,0
172.957,1627639808,1546379264,181.0625,1379,77,1160343552,64.1404,19.8711,0
173.98,1630277632,1550696448,182.078125,1378,76,1160343552,70.7127,17.1595,0
175.017,1614020608,1548120064,183.09375,1379,77,1160343552,69.2699,18.6275,0
176.049,2248871936,2155327488,184.125,1408,83,1760468992,62.2559,17.8418,0
177.075,2493337600,2405834752,184.65625,1397,80,1892896768,48.9002,17.7805,0
178.115,1671614464,1590247424,185.203125,1376,76,1160814592,59.0236,20.9522,0
179.155,1673240576,1590996992,185.921875,1377,76,1154363392,62.004,21.269,0
180.184,1670676480,1588682752,187.046875,1377,76,1154363392,70.6435,17.5555,0
181.222,2294464512,2206883840,187.90625,1406,82,1754497024,58.1883,18.325,0
182.25,1665171456,1586348032,188.5625,1388,79,1154834432,57.0593,19.4934,0
183.286,1631801344,1553166336,189.109375,1380,77,1154834432,60.5195,22.0969,0
184.324,1629720576,1549508608,190.296875,1380,77,1154834432,70.5363,18.0254,0
185.37,1612820480,1542287360,191.578125,1380,77,1154834432,71.3358,17.4826,0
186.419,2482757632,2393067520,192.65625,1407,81,1840832512,56.0341,17.8305,0
187.45,1669967872,1582649344,193.25,1374,75,1155297280,57.8578,21.252,0
188.487,1629896704,1542217728,194.328125,1374,75,1155297280,66.7339,19.232,0
189.52,1633615872,1534332928,195.75,1374,75,1155297280,71.9584,17.558,0
190.549,1610813440,1526349824,196.921875,1374,75,1155297280,71.8014,17.5938,0
191.591,1608462336,1521717248,198.015625,1375,76,1155297280,71.6921,17.9807,0
192.63,1606754304,1505816576,199.265625,1364,73,1155297280,71.7476,17.3039,0
193.665,1495617536,1386045440,200.21875,1364,73,1155297280,69.5977,17.7198,0
194.703,1497255936,1387888640,201.359375,1364,73,1155297280,71.6849,17.1651,0
195.732,1496207360,1387044864,202.484375,1364,73,1155297280,71.5732,17.7907,0
196.754,1502892032,1394860032,203.5625,1363,72,1155297280,71.2048,17.7171,0
197.777,1501323264,1393369088,204.71875,1363,72,1155297280,69.3399,18.848,0
198.811,1503928320,1394704384,205.859375,1364,73,1155297280,71.7382,18.8409,0
199.852,1500188672,1391370240,207.015625,1364,73,1155297280,71.6992,17.0659,0
200.896,1501216768,1392066560,208.0625,1364,73,1155297280,69.6293,18.635,0
201.927,1498726400,1388630016,209.109375,1364,73,1155297280,68.8753,17.5652,0
202.953,1497808896,1387819008,210.203125,1363,72,1155297280,71.7282,18.2597,0
203.996,1495728128,1385418752,211.4375,1363,72,1155297280,72.4994,17.6198,0
205.032,1503055872,1392934912,212.453125,1363,72,1155297280,69.3314,18.8625,0
206.064,1502007296,1389559808,213.578125,1363,72,1155297280,72.2451,17.4452,0
207.098,1500958720,1386876928,214.734375,1363,72,1155297280,69.1037,18.6649,0
208.148,1500270592,1386061824,215.859375,1363,72,1155297280,71.9053,17.7612,0
209.193,1500798976,1385275392,216.921875,1366,73,1155297280,71.0519,18.5086,0
210.233,1498198016,1382846464,217.96875,1366,73,1155297280,72.3129,17.4788,0
211.275,1490100224,1375023104,219.1875,1270,65,1155297280,72.0146,18.2599,0
212.317,1493803008,1378881536,220.3125,1270,65,1155297280,71.8772,17.54,0
213.344,1491886080,1376763904,221.171875,1326,71,1155297280,67.6832,19.1599,0
214.384,1502081024,1383030784,222.078125,1381,76,1155297280,67.0186,18.8723,0
215.42,1501556736,1382330368,222.953125,1378,76,1155297280,65.658,19.1135,0
216.46,1500504064,1381220352,223.90625,1378,76,1155297280,67.4815,18.7063,0
217.496,1500844032,1381855232,224.859375,1378,76,1155297280,65.5762,19.1358,0
218.535,1501310976,1381920768,225.84375,1378,76,1155297280,67.124,18.7167,0
219.575,1500262400,1381310464,226.75,1378,76,1155297280,65.9633,18.9657,0
220.613,1499738112,1380528128,227.84375,1378,76,1155297280,69.2357,18.4753,0
221.648,1505976320,1386950656,228.8125,1378,76,1155297280,65.0103,18.4864,0
222.69,1505976320,1386090496,229.609375,1378,76,1155297280,66.4475,18.6723,0
223.725,1505329152,1386209280,230.515625,1378,76,1155297280,65.1253,19.1706,0
224.761,1505910784,1388093440,231.484375,1377,75,1155297280,66.3593,18.2049,0
225.787,1506443264,1387286528,232.609375,1378,76,1155297280,68.177,18.815,0
226.826,1507880960,1388924928,233.703125,1378,76,1155297280,66.897,18.9381,0
227.86,1506828288,1388007424,234.8125,1378,76,1155297280,67.3303,18.5713,0
228.889,1507856384,1388642304,235.703125,1378,76,1155297280,65.271,19.9955,0
229.925,1509793792,1390903296,236.734375,1378,76,1155297280,67.4757,18.029,0
230.96,1510821888,1391620096,237.640625,1378,76,1155297280,65.6672,19.668,0
231.988,1507807232,1388908544,238.640625,1378,76,1155297280,66.6643,18.348,0
233.021,1508999168,1389776896,239.5,1378,76,1155297280,64.4175,19.6092,0
234.06,1506394112,1387364352,240.84375,1378,76,1155297280,70.5357,18.3347,0
235.111,1507418112,1388302336,242.078125,1378,76,1155297280,67.6941,19.0761,0
236.15,1506365440,1387565056,243.078125,1378,76,1155297280,65.5382,18.484,0
237.185,1505316864,1386717184,243.96875,1378,76,1155297280,65.489,19.7817,0
238.211,1505153024,1385721856,244.9375,1378,76,1155297280,65.9521,19.0414,0
239.247,1510928384,1391816704,245.75,1378,76,1155297280,65.5373,19.2748,0
240.281,1507274752,1389453312,246.703125,1377,75,1155297280,67.7513,18.4548,0
241.306,1507807232,1388838912,247.8125,1378,76,1154887680,68.2752,19.142,0
242.343,1505206272,1386360832,248.578125,1378,76,1154887680,65.7635,18.6475,0
243.385,1502601216,1384230912,249.46875,1378,76,1154887680,64.9577,19.5447,0
244.424,1502076928,1383383040,250.515625,1378,76,1154887680,66.4945,19.2636,0
245.455,1501024256,1382600704,251.640625,1378,76,1154887680,65.6455,18.9531,0
246.482,1500499968,1381814272,252.515625,1378,76,1154887680,65.5844,18.7288,0
247.517,1506799616,1387921408,253.609375,1378,76,1154887680,68.8382,19.0335,0
248.558,1505751040,1386917888,254.640625,1378,76,1154887680,66.5018,19.2951,0
249.596,1504702464,1385893888,255.765625,1378,76,1154887680,66.6236,18.2003,0
250.625,1504178176,1383137280,256.734375,1378,76,1154887680,65.7212,18.926,0
251.651,1504514048,1383407616,257.78125,1378,76,1154887680,65.4147,19.4602,0
252.689,1504989184,1383038976,258.6875,1378,76,1154887680,66.435,19.3762,0
253.725,1504464896,1382498304,259.796875,1378,76,1154887680,70.2773,18.2042,0
254.763,1505579008,1384452096,260.8125,1378,76,1154887680,65.9355,18.0564,0
255.8,1505579008,1381654528,261.75,1378,76,1154887680,65.7074,19.2833,0
256.841,1512259584,1389506560,262.6875,1377,75,1154887680,65.0096,20.1855,0
257.878,1512792064,1388646400,263.640625,1378,76,1154887680,67.2126,18.3332,0
258.906,1513295872,1387335680,264.609375,1378,76,1154887680,65.5652,20.4274,0
259.943,1510084608,1380769792,265.84375,1378,76,1154887680,67.5289,18.2144,0
260.99,1510584320,1380925440,267,1378,76,1154887680,67.2033,18.0807,0
262.027,1508093952,1378213888,268.4375,1378,76,1154887680,73.6532,17.2569,0
263.062,1507700736,1378873344,269.375,1377,75,1154887680,66.7148,18.0316,0
264.101,1506648064,1375748096,270.3125,1377,75,1154887680,66.2474,17.7983,0
265.139,1506648064,1373331456,271.53125,1377,75,1154887680,68.29,19.5269,0
266.174,1511899136,1379012608,272.71875,1377,75,1154887680,67.0558,18.1571,0
267.212,1511374848,1375997952,273.5625,1377,75,1154887680,66.0787,18.943,0
268.246,1510162432,1374052352,274.40625,1377,75,1154887680,66.1083,18.4865,0
269.283,1510690816,1371254784,275.109375,1376,76,1154887680,65.2081,19.5383,0
270.317,1507569664,1365397504,276.21875,1376,76,1154887680,69.0595,18.3966,0
271.357,1506021376,1360252928,277.296875,1376,76,1154887680,65.2694,18.794,0
272.396,1505497088,1358467072,278.5625,1376,76,1154887680,68.5987,18.2971,0
273.434,1503416320,1353232384,279.578125,1376,76,1154887680,68.257,19.0072,0
274.473,1508134912,1358929920,280.609375,1375,75,1154887680,68.4278,18.5254,0
275.52,1506562048,1357979648,281.6875,1375,75,1154887680,69.7486,17.9805,0
276.551,1505509376,1356754944,282.671875,1375,75,1154887680,65.5338,18.1186,0
277.604,1504985088,1355354112,283.625,1375,75,1154887680,65.1961,19.0335,0
278.636,1503936512,1352962048,284.6875,1375,75,1154887680,66.9396,19.0173,0
279.672,1503936512,1350230016,285.6875,1375,75,1154887680,65.4766,18.912,0
280.716,1503416320,1348001792,286.609375,1376,76,1154887680,66.4469,19.0243,0
281.754,1509654528,1352470528,287.59375,1376,76,1154887680,66.0026,19.2069,0
282.796,1509130240,1350967296,288.6875,1376,76,1154887680,65.6757,18.0251,0
283.841,1508605952,1347493888,289.859375,1376,76,1154887680,68.481,17.9909,0
284.895,1509191680,1339465728,290.90625,1375,75,1154887680,64.5952,19.1636,0
285.938,1509195776,1332084736,292.046875,1376,76,1154887680,69.2064,17.5489,0
286.985,1510109184,1327259648,293.21875,1376,76,1154887680,70.283,18.6478,0
288.03,1509056512,1325830144,294.46875,1376,76,1154887680,74.0284,17.2539,0
289.065,1510084608,1326489600,295.78125,1376,76,1154887680,71.7034,18.3792,0
290.109,1513668608,1331347456,297.140625,1375,75,1154887680,73.3107,16.7826,0
291.144,1514201088,1330651136,298.34375,1376,76,1154887680,72.2492,17.8874,0
292.18,1512902656,1329639424,299.75,1376,76,1154887680,73.615,17.1419,0
293.289,1512378368,1328906240,300.96875,1376,76,1154887680,70.6601,18.3228,0
294.398,1511849984,1326608384,302.15625,1376,76,1154887680,68.653,17.505,0
