"elapsedSeconds","processId","workingSetBytes","privateBytes","cpuSeconds","handles","threads","gpuBusyPercent","gpu3DPercent","gpuVideoDecodePercent","gpuVideoEncodePercent","gpuVideoProcessingPercent","gpuCopyPercent","gpuDedicatedBytes","gpuSharedBytes"
"1.485","9912","533684224","549236736","9.21875","1184","68","24.9127","24.9127","1.6706",,"0","0","0","298414080"
"2.581","9912","529227776","545030144","9.34375","1184","68","24.5896","24.5896","1.7083",,"0","0","0","298426368"
"3.603","9912","530927616","545628160","9.515625","1181","67","25.0455","25.0455","1.7577",,"0","0","0","298414080"
"4.634","9912","524980224","539848704","9.671875","1181","67","24.7235","24.7235","1.7444",,"0","0","0","298426368"
"5.673","9912","532422656","547201024","9.75","1183","67","24.5528","24.5528","1.7184",,"0","0","0","298414080"
"6.699","9912","526516224","540897280","9.828125","1183","67","24.9815","24.9815","1.885",,"0","0","0","298426368"
"7.733","9912","520290304","535121920","9.96875","1183","67","24.4598","24.4598","1.8774",,"0","0","0","298414080"
"8.757","9912","527503360","541949952","10.140625","1183","67","24.8755","24.8755","1.6657",,"0","0","0","298426368"
"9.778","9912","520773632","535658496","10.3125","1183","67","24.4212","24.4212","1.8188",,"0","0","0","298426368"
"10.801","9912","527446016","541958144","10.421875","1183","67","24.9001","24.9001","1.7909",,"0","0","0","298414080"
"11.824","9912","521621504","536252416","10.546875","1183","67","24.8094","24.8094","1.8367",,"0","0","0","298426368"
"12.848","9912","528506880","543076352","10.6875","1183","67","23.8822","23.8822","1.8243",,"0","0","0","306032640"
"13.872","9912","521863168","536772608","10.828125","1183","67","23.3304","23.3304","1.5632",,"0","0","0","298414080"
"14.906","9912","529219584","544129024","10.953125","1183","67","23.2695","23.2695","1.7023",,"0","0","0","298426368"
"15.922","9912","522670080","537300992","11.140625","1183","67","23.321","23.321","1.9462",,"0","0","0","298414080"
"16.946","9912","530014208","544649216","11.28125","1181","67","23.6191","23.6191","1.982",,"0","0","0","298426368"
"17.971","9912","523640832","538877952","11.40625","1181","67","22.7487","22.7487","1.9175",,"0","0","0","306032640"
"18.994","9912","530972672","545705984","11.53125","1181","67","23.4585","23.4585","1.8061",,"0","0","0","298414080"
"20.017","9912","524353536","538877952","11.65625","1181","67","23.2839","23.2839","1.7902",,"0","0","0","298426368"
"21.039","9912","531759104","546226176","11.765625","1181","67","23.2165","23.2165","1.7466",,"0","0","0","298414080"
"22.064","9912","525864960","540450816","11.890625","1181","67","23.089","23.089","1.8977",,"0","0","0","306032640"
"23.104","9912","532746240","547278848","11.9375","1181","67","23.6045","23.6045","1.7142",,"0","0","0","298414080"
"24.13","9912","526090240","540975104","12.078125","1181","67","22.7498","22.7498","1.7271",,"0","0","0","306032640"
"25.156","9912","520163328","535203840","12.203125","1181","67","23.6717","23.6717","1.7526",,"0","0","0","298426368"
"26.179","9912","526852096","541503488","12.328125","1181","67","23.315","23.315","1.801",,"0","0","0","298414080"
"27.212","9912","520937472","535867392","12.46875","1181","67","23.463","23.463","1.8362",,"0","0","0","298426368"
"28.249","9912","528605184","543215616","12.65625","1181","67","23.1436","23.1436","1.6658",,"0","0","0","298414080"
"29.272","9912","521854976","536391680","12.78125","1181","67","23.4226","23.4226","1.8425",,"0","0","0","298426368"
"30.295","9912","528826368","543444992","12.90625","1153","58","23.3257","23.3257","1.8041",,"0","0","0","298414080"
"31.318","9912","522391552","537116672","13","1151","57","23.5259","23.5259","1.8316",,"0","0","0","298426368"
