"elapsedSeconds","processId","instance","counter","value"
"1.485","9912","pid_9912_luid_0x00000000_0x0000e366_phys_0_eng_0_engtype_3d","utilization percentage","24.9127280711393"
"1.485","9912","pid_9912_luid_0x00000000_0x0000e366_phys_0_eng_10_engtype_legacyoverlay","utilization percentage","0"
"1.485","9912","pid_9912_luid_0x00000000_0x0000e366_phys_0_eng_11_engtype_","utilization percentage","0"
"1.485","9912","pid_9912_luid_0x00000000_0x0000e366_phys_0_eng_12_engtype_","utilization percentage","0"
"1.485","9912","pid_9912_luid_0x00000000_0x0000e366_phys_0_eng_1_engtype_videodecode","utilization percentage","1.67060557794507"
"1.485","9912","pid_9912_luid_0x00000000_0x0000e366_phys_0_eng_2_engtype_copy","utilization percentage","0"
"1.485","9912","pid_9912_luid_0x00000000_0x0000e366_phys_0_eng_3_engtype_videoprocessing","utilization percentage","0"
"1.485","9912","pid_9912_luid_0x00000000_0x0000e366_phys_0_eng_4_engtype_videodecode","utilization percentage","0"
"1.485","9912","pid_9912_luid_0x00000000_0x0000e366_phys_0_eng_5_engtype_","utilization percentage","0"
"1.485","9912","pid_9912_luid_0x00000000_0x0000e366_phys_0_eng_6_engtype_","utilization percentage","0"
"1.485","9912","pid_9912_luid_0x00000000_0x0000e366_phys_0_eng_7_engtype_","utilization percentage","0"
"1.485","9912","pid_9912_luid_0x00000000_0x0000e366_phys_0_eng_8_engtype_","utilization percentage","0"
"1.485","9912","pid_9912_luid_0x00000000_0x0000e366_phys_0_eng_9_engtype_","utilization percentage","0"
"1.485","9912","pid_9912_luid_0x00000000_0x0000e366_phys_0","dedicated usage","0"
"1.485","9912","pid_9912_luid_0x00000000_0x0000e366_phys_0","shared usage","298414080"
"2.581","9912","pid_9912_luid_0x00000000_0x0000e366_phys_0_eng_0_engtype_3d","utilization percentage","24.5896236471761"
"2.581","9912","pid_9912_luid_0x00000000_0x0000e366_phys_0_eng_10_engtype_legacyoverlay","utilization percentage","0"
"2.581","9912","pid_9912_luid_0x00000000_0x0000e366_phys_0_eng_11_engtype_","utilization percentage","0"
"2.581","9912","pid_9912_luid_0x00000000_0x0000e366_phys_0_eng_12_engtype_","utilization percentage","0"
"2.581","9912","pid_9912_luid_0x00000000_0x0000e366_phys_0_eng_1_engtype_videodecode","utilization percentage","1.70828013857724"
"2.581","9912","pid_9912_luid_0x00000000_0x0000e366_phys_0_eng_2_engtype_copy","utilization percentage","0"
"2.581","9912","pid_9912_luid_0x00000000_0x0000e366_phys_0_eng_3_engtype_videoprocessing","utilization percentage","0"
"2.581","9912","pid_9912_luid_0x00000000_0x0000e366_phys_0_eng_4_engtype_videodecode","utilization percentage","0"
"2.581","9912","pid_9912_luid_0x00000000_0x0000e366_phys_0_eng_5_engtype_","utilization percentage","0"
"2.581","9912","pid_9912_luid_0x00000000_0x0000e366_phys_0_eng_6_engtype_","utilization percentage","0"
"2.581","9912","pid_9912_luid_0x00000000_0x0000e366_phys_0_eng_7_engtype_","utilization percentage","0"
"2.581","9912","pid_9912_luid_0x00000000_0x0000e366_phys_0_eng_8_engtype_","utilization percentage","0"
"2.581","9912","pid_9912_luid_0x00000000_0x0000e366_phys_0_eng_9_engtype_","utilization percentage","0"
"2.581","9912","pid_9912_luid_0x00000000_0x0000e366_phys_0","dedicated usage","0"
"2.581","9912","pid_9912_luid_0x00000000_0x0000e366_phys_0","shared usage","298426368"
"3.603","9912","pid_9912_luid_0x00000000_0x0000e366_phys_0_eng_0_engtype_3d","utilization percentage","25.045547496262"
"3.603","9912","pid_9912_luid_0x00000000_0x0000e366_phys_0_eng_10_engtype_legacyoverlay","utilization percentage","0"
"3.603","9912","pid_9912_luid_0x00000000_0x0000e366_phys_0_eng_11_engtype_","utilization percentage","0"
"3.603","9912","pid_9912_luid_0x00000000_0x0000e366_phys_0_eng_12_engtype_","utilization percentage","0"
"3.603","9912","pid_9912_luid_0x00000000_0x0000e366_phys_0_eng_1_engtype_videodecode","utilization percentage","1.7576843854399"
"3.603","9912","pid_9912_luid_0x00000000_0x0000e366_phys_0_eng_2_engtype_copy","utilization percentage","0"
"3.603","9912","pid_9912_luid_0x00000000_0x0000e366_phys_0_eng_3_engtype_videoprocessing","utilization percentage","0"
"3.603","9912","pid_9912_luid_0x00000000_0x0000e366_phys_0_eng_4_engtype_videodecode","utilization percentage","0"
"3.603","9912","pid_9912_luid_0x00000000_0x0000e366_phys_0_eng_5_engtype_","utilization percentage","0"
"3.603","9912","pid_9912_luid_0x00000000_0x0000e366_phys_0_eng_6_engtype_","utilization percentage","0"
"3.603","9912","pid_9912_luid_0x00000000_0x0000e366_phys_0_eng_7_engtype_","utilization percentage","0"
"3.603","9912","pid_9912_luid_0x00000000_0x0000e366_phys_0_eng_8_engtype_","utilization percentage","0"
"3.603","9912","pid_9912_luid_0x00000000_0x0000e366_phys_0_eng_9_engtype_","utilization percentage","0"
"3.603","9912","pid_9912_luid_0x00000000_0x0000e366_phys_0","dedicated usage","0"
"3.603","9912","pid_9912_luid_0x00000000_0x0000e366_phys_0","shared usage","298414080"
"4.634","9912","pid_9912_luid_0x00000000_0x0000e366_phys_0_eng_0_engtype_3d","utilization percentage","24.72350270835"
"4.634","9912","pid_9912_luid_0x00000000_0x0000e366_phys_0_eng_10_engtype_legacyoverlay","utilization percentage","0"
"4.634","9912","pid_9912_luid_0x00000000_0x0000e366_phys_0_eng_11_engtype_","utilization percentage","0"
"4.634","9912","pid_9912_luid_0x00000000_0x0000e366_phys_0_eng_12_engtype_","utilization percentage","0"
"4.634","9912","pid_9912_luid_0x00000000_0x0000e366_phys_0_eng_1_engtype_videodecode","utilization percentage","1.74444442278717"
"4.634","9912","pid_9912_luid_0x00000000_0x0000e366_phys_0_eng_2_engtype_copy","utilization percentage","0"
"4.634","9912","pid_9912_luid_0x00000000_0x0000e366_phys_0_eng_3_engtype_videoprocessing","utilization percentage","0"
"4.634","9912","pid_9912_luid_0x00000000_0x0000e366_phys_0_eng_4_engtype_videodecode","utilization percentage","0"
"4.634","9912","pid_9912_luid_0x00000000_0x0000e366_phys_0_eng_5_engtype_","utilization percentage","0"
"4.634","9912","pid_9912_luid_0x00000000_0x0000e366_phys_0_eng_6_engtype_","utilization percentage","0"
"4.634","9912","pid_9912_luid_0x00000000_0x0000e366_phys_0_eng_7_engtype_","utilization percentage","0"
"4.634","9912","pid_9912_luid_0x00000000_0x0000e366_phys_0_eng_8_engtype_","utilization percentage","0"
"4.634","9912","pid_9912_luid_0x00000000_0x0000e366_phys_0_eng_9_engtype_","utilization percentage","0"
"4.634","9912","pid_9912_luid_0x00000000_0x0000e366_phys_0","dedicated usage","0"
"4.634","9912","pid_9912_luid_0x00000000_0x0000e366_phys_0","shared usage","298426368"
"5.673","9912","pid_9912_luid_0x00000000_0x0000e366_phys_0_eng_0_engtype_3d","utilization percentage","24.5528135791248"
"5.673","9912","pid_9912_luid_0x00000000_0x0000e366_phys_0_eng_10_engtype_legacyoverlay","utilization percentage","0"
"5.673","9912","pid_9912_luid_0x00000000_0x0000e366_phys_0_eng_11_engtype_","utilization percentage","0"
"5.673","9912","pid_9912_luid_0x00000000_0x0000e366_phys_0_eng_12_engtype_","utilization percentage","0"
"5.673","9912","pid_9912_luid_0x00000000_0x0000e366_phys_0_eng_1_engtype_videodecode","utilization percentage","1.71842301979104"
"5.673","9912","pid_9912_luid_0x00000000_0x0000e366_phys_0_eng_2_engtype_copy","utilization percentage","0"
"5.673","9912","pid_9912_luid_0x00000000_0x0000e366_phys_0_eng_3_engtype_videoprocessing","utilization percentage","0"
"5.673","9912","pid_9912_luid_0x00000000_0x0000e366_phys_0_eng_4_engtype_videodecode","utilization percentage","0"
"5.673","9912","pid_9912_luid_0x00000000_0x0000e366_phys_0_eng_5_engtype_","utilization percentage","0"
"5.673","9912","pid_9912_luid_0x00000000_0x0000e366_phys_0_eng_6_engtype_","utilization percentage","0"
"5.673","9912","pid_9912_luid_0x00000000_0x0000e366_phys_0_eng_7_engtype_","utilization percentage","0"
"5.673","9912","pid_9912_luid_0x00000000_0x0000e366_phys_0_eng_8_engtype_","utilization percentage","0"
"5.673","9912","pid_9912_luid_0x00000000_0x0000e366_phys_0_eng_9_engtype_","utilization percentage","0"
"5.673","9912","pid_9912_luid_0x00000000_0x0000e366_phys_0","dedicated usage","0"
"5.673","9912","pid_9912_luid_0x00000000_0x0000e366_phys_0","shared usage","298414080"
"6.699","9912","pid_9912_luid_0x00000000_0x0000e366_phys_0_eng_0_engtype_3d","utilization percentage","24.98150809515"
"6.699","9912","pid_9912_luid_0x00000000_0x0000e366_phys_0_eng_10_engtype_legacyoverlay","utilization percentage","0"
"6.699","9912","pid_9912_luid_0x00000000_0x0000e366_phys_0_eng_11_engtype_","utilization percentage","0"
"6.699","9912","pid_9912_luid_0x00000000_0x0000e366_phys_0_eng_12_engtype_","utilization percentage","0"
"6.699","9912","pid_9912_luid_0x00000000_0x0000e366_phys_0_eng_1_engtype_videodecode","utilization percentage","1.88499950912487"
"6.699","9912","pid_9912_luid_0x00000000_0x0000e366_phys_0_eng_2_engtype_copy","utilization percentage","0"
"6.699","9912","pid_9912_luid_0x00000000_0x0000e366_phys_0_eng_3_engtype_videoprocessing","utilization percentage","0"
"6.699","9912","pid_9912_luid_0x00000000_0x0000e366_phys_0_eng_4_engtype_videodecode","utilization percentage","0"
"6.699","9912","pid_9912_luid_0x00000000_0x0000e366_phys_0_eng_5_engtype_","utilization percentage","0"
"6.699","9912","pid_9912_luid_0x00000000_0x0000e366_phys_0_eng_6_engtype_","utilization percentage","0"
"6.699","9912","pid_9912_luid_0x00000000_0x0000e366_phys_0_eng_7_engtype_","utilization percentage","0"
"6.699","9912","pid_9912_luid_0x00000000_0x0000e366_phys_0_eng_8_engtype_","utilization percentage","0"
"6.699","9912","pid_9912_luid_0x00000000_0x0000e366_phys_0_eng_9_engtype_","utilization percentage","0"
"6.699","9912","pid_9912_luid_0x00000000_0x0000e366_phys_0","dedicated usage","0"
"6.699","9912","pid_9912_luid_0x00000000_0x0000e366_phys_0","shared usage","298426368"
"7.733","9912","pid_9912_luid_0x00000000_0x0000e366_phys_0_eng_0_engtype_3d","utilization percentage","24.4597670275413"
"7.733","9912","pid_9912_luid_0x00000000_0x0000e366_phys_0_eng_10_engtype_legacyoverlay","utilization percentage","0"
"7.733","9912","pid_9912_luid_0x00000000_0x0000e366_phys_0_eng_11_engtype_","utilization percentage","0"
"7.733","9912","pid_9912_luid_0x00000000_0x0000e366_phys_0_eng_12_engtype_","utilization percentage","0"
"7.733","9912","pid_9912_luid_0x00000000_0x0000e366_phys_0_eng_1_engtype_videodecode","utilization percentage","1.87736593986895"
"7.733","9912","pid_9912_luid_0x00000000_0x0000e366_phys_0_eng_2_engtype_copy","utilization percentage","0"
"7.733","9912","pid_9912_luid_0x00000000_0x0000e366_phys_0_eng_3_engtype_videoprocessing","utilization percentage","0"
"7.733","9912","pid_9912_luid_0x00000000_0x0000e366_phys_0_eng_4_engtype_videodecode","utilization percentage","0"
"7.733","9912","pid_9912_luid_0x00000000_0x0000e366_phys_0_eng_5_engtype_","utilization percentage","0"
"7.733","9912","pid_9912_luid_0x00000000_0x0000e366_phys_0_eng_6_engtype_","utilization percentage","0"
"7.733","9912","pid_9912_luid_0x00000000_0x0000e366_phys_0_eng_7_engtype_","utilization percentage","0"
"7.733","9912","pid_9912_luid_0x00000000_0x0000e366_phys_0_eng_8_engtype_","utilization percentage","0"
"7.733","9912","pid_9912_luid_0x00000000_0x0000e366_phys_0_eng_9_engtype_","utilization percentage","0"
"7.733","9912","pid_9912_luid_0x00000000_0x0000e366_phys_0","dedicated usage","0"
"7.733","9912","pid_9912_luid_0x00000000_0x0000e366_phys_0","shared usage","298414080"
"8.757","9912","pid_9912_luid_0x00000000_0x0000e366_phys_0_eng_0_engtype_3d","utilization percentage","24.8754659568459"
"8.757","9912","pid_9912_luid_0x00000000_0x0000e366_phys_0_eng_10_engtype_legacyoverlay","utilization percentage","0"
"8.757","9912","pid_9912_luid_0x00000000_0x0000e366_phys_0_eng_11_engtype_","utilization percentage","0"
"8.757","9912","pid_9912_luid_0x00000000_0x0000e366_phys_0_eng_12_engtype_","utilization percentage","0"
"8.757","9912","pid_9912_luid_0x00000000_0x0000e366_phys_0_eng_1_engtype_videodecode","utilization percentage","1.66566300959734"
"8.757","9912","pid_9912_luid_0x00000000_0x0000e366_phys_0_eng_2_engtype_copy","utilization percentage","0"
"8.757","9912","pid_9912_luid_0x00000000_0x0000e366_phys_0_eng_3_engtype_videoprocessing","utilization percentage","0"
"8.757","9912","pid_9912_luid_0x00000000_0x0000e366_phys_0_eng_4_engtype_videodecode","utilization percentage","0"
"8.757","9912","pid_9912_luid_0x00000000_0x0000e366_phys_0_eng_5_engtype_","utilization percentage","0"
"8.757","9912","pid_9912_luid_0x00000000_0x0000e366_phys_0_eng_6_engtype_","utilization percentage","0"
"8.757","9912","pid_9912_luid_0x00000000_0x0000e366_phys_0_eng_7_engtype_","utilization percentage","0"
"8.757","9912","pid_9912_luid_0x00000000_0x0000e366_phys_0_eng_8_engtype_","utilization percentage","0"
"8.757","9912","pid_9912_luid_0x00000000_0x0000e366_phys_0_eng_9_engtype_","utilization percentage","0"
"8.757","9912","pid_9912_luid_0x00000000_0x0000e366_phys_0","dedicated usage","0"
"8.757","9912","pid_9912_luid_0x00000000_0x0000e366_phys_0","shared usage","298426368"
"9.778","9912","pid_9912_luid_0x00000000_0x0000e366_phys_0_eng_0_engtype_3d","utilization percentage","24.4212036664254"
"9.778","9912","pid_9912_luid_0x00000000_0x0000e366_phys_0_eng_10_engtype_legacyoverlay","utilization percentage","0"
"9.778","9912","pid_9912_luid_0x00000000_0x0000e366_phys_0_eng_11_engtype_","utilization percentage","0"
"9.778","9912","pid_9912_luid_0x00000000_0x0000e366_phys_0_eng_12_engtype_","utilization percentage","0"
"9.778","9912","pid_9912_luid_0x00000000_0x0000e366_phys_0_eng_1_engtype_videodecode","utilization percentage","1.81880183982178"
"9.778","9912","pid_9912_luid_0x00000000_0x0000e366_phys_0_eng_2_engtype_copy","utilization percentage","0"
"9.778","9912","pid_9912_luid_0x00000000_0x0000e366_phys_0_eng_3_engtype_videoprocessing","utilization percentage","0"
"9.778","9912","pid_9912_luid_0x00000000_0x0000e366_phys_0_eng_4_engtype_videodecode","utilization percentage","0"
"9.778","9912","pid_9912_luid_0x00000000_0x0000e366_phys_0_eng_5_engtype_","utilization percentage","0"
"9.778","9912","pid_9912_luid_0x00000000_0x0000e366_phys_0_eng_6_engtype_","utilization percentage","0"
"9.778","9912","pid_9912_luid_0x00000000_0x0000e366_phys_0_eng_7_engtype_","utilization percentage","0"
"9.778","9912","pid_9912_luid_0x00000000_0x0000e366_phys_0_eng_8_engtype_","utilization percentage","0"
"9.778","9912","pid_9912_luid_0x00000000_0x0000e366_phys_0_eng_9_engtype_","utilization percentage","0"
"9.778","9912","pid_9912_luid_0x00000000_0x0000e366_phys_0","dedicated usage","0"
"9.778","9912","pid_9912_luid_0x00000000_0x0000e366_phys_0","shared usage","298426368"
"10.801","9912","pid_9912_luid_0x00000000_0x0000e366_phys_0_eng_0_engtype_3d","utilization percentage","24.9001156452768"
"10.801","9912","pid_9912_luid_0x00000000_0x0000e366_phys_0_eng_10_engtype_legacyoverlay","utilization percentage","0"
"10.801","9912","pid_9912_luid_0x00000000_0x0000e366_phys_0_eng_11_engtype_","utilization percentage","0"
"10.801","9912","pid_9912_luid_0x00000000_0x0000e366_phys_0_eng_12_engtype_","utilization percentage","0"
"10.801","9912","pid_9912_luid_0x00000000_0x0000e366_phys_0_eng_1_engtype_videodecode","utilization percentage","1.79088854446907"
"10.801","9912","pid_9912_luid_0x00000000_0x0000e366_phys_0_eng_2_engtype_copy","utilization percentage","0"
"10.801","9912","pid_9912_luid_0x00000000_0x0000e366_phys_0_eng_3_engtype_videoprocessing","utilization percentage","0"
"10.801","9912","pid_9912_luid_0x00000000_0x0000e366_phys_0_eng_4_engtype_videodecode","utilization percentage","0"
"10.801","9912","pid_9912_luid_0x00000000_0x0000e366_phys_0_eng_5_engtype_","utilization percentage","0"
"10.801","9912","pid_9912_luid_0x00000000_0x0000e366_phys_0_eng_6_engtype_","utilization percentage","0"
"10.801","9912","pid_9912_luid_0x00000000_0x0000e366_phys_0_eng_7_engtype_","utilization percentage","0"
"10.801","9912","pid_9912_luid_0x00000000_0x0000e366_phys_0_eng_8_engtype_","utilization percentage","0"
"10.801","9912","pid_9912_luid_0x00000000_0x0000e366_phys_0_eng_9_engtype_","utilization percentage","0"
"10.801","9912","pid_9912_luid_0x00000000_0x0000e366_phys_0","dedicated usage","0"
"10.801","9912","pid_9912_luid_0x00000000_0x0000e366_phys_0","shared usage","298414080"
"11.824","9912","pid_9912_luid_0x00000000_0x0000e366_phys_0_eng_0_engtype_3d","utilization percentage","24.8093518887239"
"11.824","9912","pid_9912_luid_0x00000000_0x0000e366_phys_0_eng_10_engtype_legacyoverlay","utilization percentage","0"
"11.824","9912","pid_9912_luid_0x00000000_0x0000e366_phys_0_eng_11_engtype_","utilization percentage","0"
"11.824","9912","pid_9912_luid_0x00000000_0x0000e366_phys_0_eng_12_engtype_","utilization percentage","0"
"11.824","9912","pid_9912_luid_0x00000000_0x0000e366_phys_0_eng_1_engtype_videodecode","utilization percentage","1.83670744472877"
"11.824","9912","pid_9912_luid_0x00000000_0x0000e366_phys_0_eng_2_engtype_copy","utilization percentage","0"
"11.824","9912","pid_9912_luid_0x00000000_0x0000e366_phys_0_eng_3_engtype_videoprocessing","utilization percentage","0"
"11.824","9912","pid_9912_luid_0x00000000_0x0000e366_phys_0_eng_4_engtype_videodecode","utilization percentage","0"
"11.824","9912","pid_9912_luid_0x00000000_0x0000e366_phys_0_eng_5_engtype_","utilization percentage","0"
"11.824","9912","pid_9912_luid_0x00000000_0x0000e366_phys_0_eng_6_engtype_","utilization percentage","0"
"11.824","9912","pid_9912_luid_0x00000000_0x0000e366_phys_0_eng_7_engtype_","utilization percentage","0"
"11.824","9912","pid_9912_luid_0x00000000_0x0000e366_phys_0_eng_8_engtype_","utilization percentage","0"
"11.824","9912","pid_9912_luid_0x00000000_0x0000e366_phys_0_eng_9_engtype_","utilization percentage","0"
"11.824","9912","pid_9912_luid_0x00000000_0x0000e366_phys_0","dedicated usage","0"
"11.824","9912","pid_9912_luid_0x00000000_0x0000e366_phys_0","shared usage","298426368"
"12.848","9912","pid_9912_luid_0x00000000_0x0000e366_phys_0_eng_0_engtype_3d","utilization percentage","23.8821959018091"
"12.848","9912","pid_9912_luid_0x00000000_0x0000e366_phys_0_eng_10_engtype_legacyoverlay","utilization percentage","0"
"12.848","9912","pid_9912_luid_0x00000000_0x0000e366_phys_0_eng_11_engtype_","utilization percentage","0"
"12.848","9912","pid_9912_luid_0x00000000_0x0000e366_phys_0_eng_12_engtype_","utilization percentage","0"
"12.848","9912","pid_9912_luid_0x00000000_0x0000e366_phys_0_eng_1_engtype_videodecode","utilization percentage","1.82432292231493"
"12.848","9912","pid_9912_luid_0x00000000_0x0000e366_phys_0_eng_2_engtype_copy","utilization percentage","0"
"12.848","9912","pid_9912_luid_0x00000000_0x0000e366_phys_0_eng_3_engtype_videoprocessing","utilization percentage","0"
"12.848","9912","pid_9912_luid_0x00000000_0x0000e366_phys_0_eng_4_engtype_videodecode","utilization percentage","0"
"12.848","9912","pid_9912_luid_0x00000000_0x0000e366_phys_0_eng_5_engtype_","utilization percentage","0"
"12.848","9912","pid_9912_luid_0x00000000_0x0000e366_phys_0_eng_6_engtype_","utilization percentage","0"
"12.848","9912","pid_9912_luid_0x00000000_0x0000e366_phys_0_eng_7_engtype_","utilization percentage","0"
"12.848","9912","pid_9912_luid_0x00000000_0x0000e366_phys_0_eng_8_engtype_","utilization percentage","0"
"12.848","9912","pid_9912_luid_0x00000000_0x0000e366_phys_0_eng_9_engtype_","utilization percentage","0"
"12.848","9912","pid_9912_luid_0x00000000_0x0000e366_phys_0","dedicated usage","0"
"12.848","9912","pid_9912_luid_0x00000000_0x0000e366_phys_0","shared usage","306032640"
"13.872","9912","pid_9912_luid_0x00000000_0x0000e366_phys_0_eng_0_engtype_3d","utilization percentage","23.3303515476445"
"13.872","9912","pid_9912_luid_0x00000000_0x0000e366_phys_0_eng_10_engtype_legacyoverlay","utilization percentage","0"
"13.872","9912","pid_9912_luid_0x00000000_0x0000e366_phys_0_eng_11_engtype_","utilization percentage","0"
"13.872","9912","pid_9912_luid_0x00000000_0x0000e366_phys_0_eng_12_engtype_","utilization percentage","0"
"13.872","9912","pid_9912_luid_0x00000000_0x0000e366_phys_0_eng_1_engtype_videodecode","utilization percentage","1.563247584998"
"13.872","9912","pid_9912_luid_0x00000000_0x0000e366_phys_0_eng_2_engtype_copy","utilization percentage","0"
"13.872","9912","pid_9912_luid_0x00000000_0x0000e366_phys_0_eng_3_engtype_videoprocessing","utilization percentage","0"
"13.872","9912","pid_9912_luid_0x00000000_0x0000e366_phys_0_eng_4_engtype_videodecode","utilization percentage","0"
"13.872","9912","pid_9912_luid_0x00000000_0x0000e366_phys_0_eng_5_engtype_","utilization percentage","0"
"13.872","9912","pid_9912_luid_0x00000000_0x0000e366_phys_0_eng_6_engtype_","utilization percentage","0"
"13.872","9912","pid_9912_luid_0x00000000_0x0000e366_phys_0_eng_7_engtype_","utilization percentage","0"
"13.872","9912","pid_9912_luid_0x00000000_0x0000e366_phys_0_eng_8_engtype_","utilization percentage","0"
"13.872","9912","pid_9912_luid_0x00000000_0x0000e366_phys_0_eng_9_engtype_","utilization percentage","0"
"13.872","9912","pid_9912_luid_0x00000000_0x0000e366_phys_0","dedicated usage","0"
"13.872","9912","pid_9912_luid_0x00000000_0x0000e366_phys_0","shared usage","298414080"
"14.906","9912","pid_9912_luid_0x00000000_0x0000e366_phys_0_eng_0_engtype_3d","utilization percentage","23.2694795734693"
"14.906","9912","pid_9912_luid_0x00000000_0x0000e366_phys_0_eng_10_engtype_legacyoverlay","utilization percentage","0"
"14.906","9912","pid_9912_luid_0x00000000_0x0000e366_phys_0_eng_11_engtype_","utilization percentage","0"
"14.906","9912","pid_9912_luid_0x00000000_0x0000e366_phys_0_eng_12_engtype_","utilization percentage","0"
"14.906","9912","pid_9912_luid_0x00000000_0x0000e366_phys_0_eng_1_engtype_videodecode","utilization percentage","1.70232038340466"
"14.906","9912","pid_9912_luid_0x00000000_0x0000e366_phys_0_eng_2_engtype_copy","utilization percentage","0"
"14.906","9912","pid_9912_luid_0x00000000_0x0000e366_phys_0_eng_3_engtype_videoprocessing","utilization percentage","0"
"14.906","9912","pid_9912_luid_0x00000000_0x0000e366_phys_0_eng_4_engtype_videodecode","utilization percentage","0"
"14.906","9912","pid_9912_luid_0x00000000_0x0000e366_phys_0_eng_5_engtype_","utilization percentage","0"
"14.906","9912","pid_9912_luid_0x00000000_0x0000e366_phys_0_eng_6_engtype_","utilization percentage","0"
"14.906","9912","pid_9912_luid_0x00000000_0x0000e366_phys_0_eng_7_engtype_","utilization percentage","0"
"14.906","9912","pid_9912_luid_0x00000000_0x0000e366_phys_0_eng_8_engtype_","utilization percentage","0"
"14.906","9912","pid_9912_luid_0x00000000_0x0000e366_phys_0_eng_9_engtype_","utilization percentage","0"
"14.906","9912","pid_9912_luid_0x00000000_0x0000e366_phys_0","dedicated usage","0"
"14.906","9912","pid_9912_luid_0x00000000_0x0000e366_phys_0","shared usage","298426368"
"15.922","9912","pid_9912_luid_0x00000000_0x0000e366_phys_0_eng_0_engtype_3d","utilization percentage","23.321012453696"
"15.922","9912","pid_9912_luid_0x00000000_0x0000e366_phys_0_eng_10_engtype_legacyoverlay","utilization percentage","0"
"15.922","9912","pid_9912_luid_0x00000000_0x0000e366_phys_0_eng_11_engtype_","utilization percentage","0"
"15.922","9912","pid_9912_luid_0x00000000_0x0000e366_phys_0_eng_12_engtype_","utilization percentage","0"
"15.922","9912","pid_9912_luid_0x00000000_0x0000e366_phys_0_eng_1_engtype_videodecode","utilization percentage","1.94622155106731"
"15.922","9912","pid_9912_luid_0x00000000_0x0000e366_phys_0_eng_2_engtype_copy","utilization percentage","0"
"15.922","9912","pid_9912_luid_0x00000000_0x0000e366_phys_0_eng_3_engtype_videoprocessing","utilization percentage","0"
"15.922","9912","pid_9912_luid_0x00000000_0x0000e366_phys_0_eng_4_engtype_videodecode","utilization percentage","0"
"15.922","9912","pid_9912_luid_0x00000000_0x0000e366_phys_0_eng_5_engtype_","utilization percentage","0"
"15.922","9912","pid_9912_luid_0x00000000_0x0000e366_phys_0_eng_6_engtype_","utilization percentage","0"
"15.922","9912","pid_9912_luid_0x00000000_0x0000e366_phys_0_eng_7_engtype_","utilization percentage","0"
"15.922","9912","pid_9912_luid_0x00000000_0x0000e366_phys_0_eng_8_engtype_","utilization percentage","0"
"15.922","9912","pid_9912_luid_0x00000000_0x0000e366_phys_0_eng_9_engtype_","utilization percentage","0"
"15.922","9912","pid_9912_luid_0x00000000_0x0000e366_phys_0","dedicated usage","0"
"15.922","9912","pid_9912_luid_0x00000000_0x0000e366_phys_0","shared usage","298414080"
"16.946","9912","pid_9912_luid_0x00000000_0x0000e366_phys_0_eng_0_engtype_3d","utilization percentage","23.6191184566263"
"16.946","9912","pid_9912_luid_0x00000000_0x0000e366_phys_0_eng_10_engtype_legacyoverlay","utilization percentage","0"
"16.946","9912","pid_9912_luid_0x00000000_0x0000e366_phys_0_eng_11_engtype_","utilization percentage","0"
"16.946","9912","pid_9912_luid_0x00000000_0x0000e366_phys_0_eng_12_engtype_","utilization percentage","0"
"16.946","9912","pid_9912_luid_0x00000000_0x0000e366_phys_0_eng_1_engtype_videodecode","utilization percentage","1.98204616909093"
"16.946","9912","pid_9912_luid_0x00000000_0x0000e366_phys_0_eng_2_engtype_copy","utilization percentage","0"
"16.946","9912","pid_9912_luid_0x00000000_0x0000e366_phys_0_eng_3_engtype_videoprocessing","utilization percentage","0"
"16.946","9912","pid_9912_luid_0x00000000_0x0000e366_phys_0_eng_4_engtype_videodecode","utilization percentage","0"
"16.946","9912","pid_9912_luid_0x00000000_0x0000e366_phys_0_eng_5_engtype_","utilization percentage","0"
"16.946","9912","pid_9912_luid_0x00000000_0x0000e366_phys_0_eng_6_engtype_","utilization percentage","0"
"16.946","9912","pid_9912_luid_0x00000000_0x0000e366_phys_0_eng_7_engtype_","utilization percentage","0"
"16.946","9912","pid_9912_luid_0x00000000_0x0000e366_phys_0_eng_8_engtype_","utilization percentage","0"
"16.946","9912","pid_9912_luid_0x00000000_0x0000e366_phys_0_eng_9_engtype_","utilization percentage","0"
"16.946","9912","pid_9912_luid_0x00000000_0x0000e366_phys_0","dedicated usage","0"
"16.946","9912","pid_9912_luid_0x00000000_0x0000e366_phys_0","shared usage","298426368"
"17.971","9912","pid_9912_luid_0x00000000_0x0000e366_phys_0_eng_0_engtype_3d","utilization percentage","22.7487299515668"
"17.971","9912","pid_9912_luid_0x00000000_0x0000e366_phys_0_eng_10_engtype_legacyoverlay","utilization percentage","0"
"17.971","9912","pid_9912_luid_0x00000000_0x0000e366_phys_0_eng_11_engtype_","utilization percentage","0"
"17.971","9912","pid_9912_luid_0x00000000_0x0000e366_phys_0_eng_12_engtype_","utilization percentage","0"
"17.971","9912","pid_9912_luid_0x00000000_0x0000e366_phys_0_eng_1_engtype_videodecode","utilization percentage","1.91748290999688"
"17.971","9912","pid_9912_luid_0x00000000_0x0000e366_phys_0_eng_2_engtype_copy","utilization percentage","0"
"17.971","9912","pid_9912_luid_0x00000000_0x0000e366_phys_0_eng_3_engtype_videoprocessing","utilization percentage","0"
"17.971","9912","pid_9912_luid_0x00000000_0x0000e366_phys_0_eng_4_engtype_videodecode","utilization percentage","0"
"17.971","9912","pid_9912_luid_0x00000000_0x0000e366_phys_0_eng_5_engtype_","utilization percentage","0"
"17.971","9912","pid_9912_luid_0x00000000_0x0000e366_phys_0_eng_6_engtype_","utilization percentage","0"
"17.971","9912","pid_9912_luid_0x00000000_0x0000e366_phys_0_eng_7_engtype_","utilization percentage","0"
"17.971","9912","pid_9912_luid_0x00000000_0x0000e366_phys_0_eng_8_engtype_","utilization percentage","0"
"17.971","9912","pid_9912_luid_0x00000000_0x0000e366_phys_0_eng_9_engtype_","utilization percentage","0"
"17.971","9912","pid_9912_luid_0x00000000_0x0000e366_phys_0","dedicated usage","0"
"17.971","9912","pid_9912_luid_0x00000000_0x0000e366_phys_0","shared usage","306032640"
"18.994","9912","pid_9912_luid_0x00000000_0x0000e366_phys_0_eng_0_engtype_3d","utilization percentage","23.4584776419274"
"18.994","9912","pid_9912_luid_0x00000000_0x0000e366_phys_0_eng_10_engtype_legacyoverlay","utilization percentage","0"
"18.994","9912","pid_9912_luid_0x00000000_0x0000e366_phys_0_eng_11_engtype_","utilization percentage","0"
"18.994","9912","pid_9912_luid_0x00000000_0x0000e366_phys_0_eng_12_engtype_","utilization percentage","0"
"18.994","9912","pid_9912_luid_0x00000000_0x0000e366_phys_0_eng_1_engtype_videodecode","utilization percentage","1.80609123267992"
"18.994","9912","pid_9912_luid_0x00000000_0x0000e366_phys_0_eng_2_engtype_copy","utilization percentage","0"
"18.994","9912","pid_9912_luid_0x00000000_0x0000e366_phys_0_eng_3_engtype_videoprocessing","utilization percentage","0"
"18.994","9912","pid_9912_luid_0x00000000_0x0000e366_phys_0_eng_4_engtype_videodecode","utilization percentage","0"
"18.994","9912","pid_9912_luid_0x00000000_0x0000e366_phys_0_eng_5_engtype_","utilization percentage","0"
"18.994","9912","pid_9912_luid_0x00000000_0x0000e366_phys_0_eng_6_engtype_","utilization percentage","0"
"18.994","9912","pid_9912_luid_0x00000000_0x0000e366_phys_0_eng_7_engtype_","utilization percentage","0"
"18.994","9912","pid_9912_luid_0x00000000_0x0000e366_phys_0_eng_8_engtype_","utilization percentage","0"
"18.994","9912","pid_9912_luid_0x00000000_0x0000e366_phys_0_eng_9_engtype_","utilization percentage","0"
"18.994","9912","pid_9912_luid_0x00000000_0x0000e366_phys_0","dedicated usage","0"
"18.994","9912","pid_9912_luid_0x00000000_0x0000e366_phys_0","shared usage","298414080"
"20.017","9912","pid_9912_luid_0x00000000_0x0000e366_phys_0_eng_0_engtype_3d","utilization percentage","23.283895524347"
"20.017","9912","pid_9912_luid_0x00000000_0x0000e366_phys_0_eng_10_engtype_legacyoverlay","utilization percentage","0"
"20.017","9912","pid_9912_luid_0x00000000_0x0000e366_phys_0_eng_11_engtype_","utilization percentage","0"
"20.017","9912","pid_9912_luid_0x00000000_0x0000e366_phys_0_eng_12_engtype_","utilization percentage","0"
"20.017","9912","pid_9912_luid_0x00000000_0x0000e366_phys_0_eng_1_engtype_videodecode","utilization percentage","1.79017720423253"
"20.017","9912","pid_9912_luid_0x00000000_0x0000e366_phys_0_eng_2_engtype_copy","utilization percentage","0"
"20.017","9912","pid_9912_luid_0x00000000_0x0000e366_phys_0_eng_3_engtype_videoprocessing","utilization percentage","0"
"20.017","9912","pid_9912_luid_0x00000000_0x0000e366_phys_0_eng_4_engtype_videodecode","utilization percentage","0"
"20.017","9912","pid_9912_luid_0x00000000_0x0000e366_phys_0_eng_5_engtype_","utilization percentage","0"
"20.017","9912","pid_9912_luid_0x00000000_0x0000e366_phys_0_eng_6_engtype_","utilization percentage","0"
"20.017","9912","pid_9912_luid_0x00000000_0x0000e366_phys_0_eng_7_engtype_","utilization percentage","0"
"20.017","9912","pid_9912_luid_0x00000000_0x0000e366_phys_0_eng_8_engtype_","utilization percentage","0"
"20.017","9912","pid_9912_luid_0x00000000_0x0000e366_phys_0_eng_9_engtype_","utilization percentage","0"
"20.017","9912","pid_9912_luid_0x00000000_0x0000e366_phys_0","dedicated usage","0"
"20.017","9912","pid_9912_luid_0x00000000_0x0000e366_phys_0","shared usage","298426368"
"21.039","9912","pid_9912_luid_0x00000000_0x0000e366_phys_0_eng_0_engtype_3d","utilization percentage","23.2165260348717"
"21.039","9912","pid_9912_luid_0x00000000_0x0000e366_phys_0_eng_10_engtype_legacyoverlay","utilization percentage","0"
"21.039","9912","pid_9912_luid_0x00000000_0x0000e366_phys_0_eng_11_engtype_","utilization percentage","0"
"21.039","9912","pid_9912_luid_0x00000000_0x0000e366_phys_0_eng_12_engtype_","utilization percentage","0"
"21.039","9912","pid_9912_luid_0x00000000_0x0000e366_phys_0_eng_1_engtype_videodecode","utilization percentage","1.74660504835293"
"21.039","9912","pid_9912_luid_0x00000000_0x0000e366_phys_0_eng_2_engtype_copy","utilization percentage","0"
"21.039","9912","pid_9912_luid_0x00000000_0x0000e366_phys_0_eng_3_engtype_videoprocessing","utilization percentage","0"
"21.039","9912","pid_9912_luid_0x00000000_0x0000e366_phys_0_eng_4_engtype_videodecode","utilization percentage","0"
"21.039","9912","pid_9912_luid_0x00000000_0x0000e366_phys_0_eng_5_engtype_","utilization percentage","0"
"21.039","9912","pid_9912_luid_0x00000000_0x0000e366_phys_0_eng_6_engtype_","utilization percentage","0"
"21.039","9912","pid_9912_luid_0x00000000_0x0000e366_phys_0_eng_7_engtype_","utilization percentage","0"
"21.039","9912","pid_9912_luid_0x00000000_0x0000e366_phys_0_eng_8_engtype_","utilization percentage","0"
"21.039","9912","pid_9912_luid_0x00000000_0x0000e366_phys_0_eng_9_engtype_","utilization percentage","0"
"21.039","9912","pid_9912_luid_0x00000000_0x0000e366_phys_0","dedicated usage","0"
"21.039","9912","pid_9912_luid_0x00000000_0x0000e366_phys_0","shared usage","298414080"
"22.064","9912","pid_9912_luid_0x00000000_0x0000e366_phys_0_eng_0_engtype_3d","utilization percentage","23.0890471250214"
"22.064","9912","pid_9912_luid_0x00000000_0x0000e366_phys_0_eng_10_engtype_legacyoverlay","utilization percentage","0"
"22.064","9912","pid_9912_luid_0x00000000_0x0000e366_phys_0_eng_11_engtype_","utilization percentage","0"
"22.064","9912","pid_9912_luid_0x00000000_0x0000e366_phys_0_eng_12_engtype_","utilization percentage","0"
"22.064","9912","pid_9912_luid_0x00000000_0x0000e366_phys_0_eng_1_engtype_videodecode","utilization percentage","1.89771583896412"
"22.064","9912","pid_9912_luid_0x00000000_0x0000e366_phys_0_eng_2_engtype_copy","utilization percentage","0"
"22.064","9912","pid_9912_luid_0x00000000_0x0000e366_phys_0_eng_3_engtype_videoprocessing","utilization percentage","0"
"22.064","9912","pid_9912_luid_0x00000000_0x0000e366_phys_0_eng_4_engtype_videodecode","utilization percentage","0"
"22.064","9912","pid_9912_luid_0x00000000_0x0000e366_phys_0_eng_5_engtype_","utilization percentage","0"
"22.064","9912","pid_9912_luid_0x00000000_0x0000e366_phys_0_eng_6_engtype_","utilization percentage","0"
"22.064","9912","pid_9912_luid_0x00000000_0x0000e366_phys_0_eng_7_engtype_","utilization percentage","0"
"22.064","9912","pid_9912_luid_0x00000000_0x0000e366_phys_0_eng_8_engtype_","utilization percentage","0"
"22.064","9912","pid_9912_luid_0x00000000_0x0000e366_phys_0_eng_9_engtype_","utilization percentage","0"
"22.064","9912","pid_9912_luid_0x00000000_0x0000e366_phys_0","dedicated usage","0"
"22.064","9912","pid_9912_luid_0x00000000_0x0000e366_phys_0","shared usage","306032640"
"23.104","9912","pid_9912_luid_0x00000000_0x0000e366_phys_0_eng_0_engtype_3d","utilization percentage","23.6045254497573"
"23.104","9912","pid_9912_luid_0x00000000_0x0000e366_phys_0_eng_10_engtype_legacyoverlay","utilization percentage","0"
"23.104","9912","pid_9912_luid_0x00000000_0x0000e366_phys_0_eng_11_engtype_","utilization percentage","0"
"23.104","9912","pid_9912_luid_0x00000000_0x0000e366_phys_0_eng_12_engtype_","utilization percentage","0"
"23.104","9912","pid_9912_luid_0x00000000_0x0000e366_phys_0_eng_1_engtype_videodecode","utilization percentage","1.71420905224206"
"23.104","9912","pid_9912_luid_0x00000000_0x0000e366_phys_0_eng_2_engtype_copy","utilization percentage","0"
"23.104","9912","pid_9912_luid_0x00000000_0x0000e366_phys_0_eng_3_engtype_videoprocessing","utilization percentage","0"
"23.104","9912","pid_9912_luid_0x00000000_0x0000e366_phys_0_eng_4_engtype_videodecode","utilization percentage","0"
"23.104","9912","pid_9912_luid_0x00000000_0x0000e366_phys_0_eng_5_engtype_","utilization percentage","0"
"23.104","9912","pid_9912_luid_0x00000000_0x0000e366_phys_0_eng_6_engtype_","utilization percentage","0"
"23.104","9912","pid_9912_luid_0x00000000_0x0000e366_phys_0_eng_7_engtype_","utilization percentage","0"
"23.104","9912","pid_9912_luid_0x00000000_0x0000e366_phys_0_eng_8_engtype_","utilization percentage","0"
"23.104","9912","pid_9912_luid_0x00000000_0x0000e366_phys_0_eng_9_engtype_","utilization percentage","0"
"23.104","9912","pid_9912_luid_0x00000000_0x0000e366_phys_0","dedicated usage","0"
"23.104","9912","pid_9912_luid_0x00000000_0x0000e366_phys_0","shared usage","298414080"
"24.13","9912","pid_9912_luid_0x00000000_0x0000e366_phys_0_eng_0_engtype_3d","utilization percentage","22.7497981124996"
"24.13","9912","pid_9912_luid_0x00000000_0x0000e366_phys_0_eng_10_engtype_legacyoverlay","utilization percentage","0"
"24.13","9912","pid_9912_luid_0x00000000_0x0000e366_phys_0_eng_11_engtype_","utilization percentage","0"
"24.13","9912","pid_9912_luid_0x00000000_0x0000e366_phys_0_eng_12_engtype_","utilization percentage","0"
"24.13","9912","pid_9912_luid_0x00000000_0x0000e366_phys_0_eng_1_engtype_videodecode","utilization percentage","1.7270844377681"
"24.13","9912","pid_9912_luid_0x00000000_0x0000e366_phys_0_eng_2_engtype_copy","utilization percentage","0"
"24.13","9912","pid_9912_luid_0x00000000_0x0000e366_phys_0_eng_3_engtype_videoprocessing","utilization percentage","0"
"24.13","9912","pid_9912_luid_0x00000000_0x0000e366_phys_0_eng_4_engtype_videodecode","utilization percentage","0"
"24.13","9912","pid_9912_luid_0x00000000_0x0000e366_phys_0_eng_5_engtype_","utilization percentage","0"
"24.13","9912","pid_9912_luid_0x00000000_0x0000e366_phys_0_eng_6_engtype_","utilization percentage","0"
"24.13","9912","pid_9912_luid_0x00000000_0x0000e366_phys_0_eng_7_engtype_","utilization percentage","0"
"24.13","9912","pid_9912_luid_0x00000000_0x0000e366_phys_0_eng_8_engtype_","utilization percentage","0"
"24.13","9912","pid_9912_luid_0x00000000_0x0000e366_phys_0_eng_9_engtype_","utilization percentage","0"
"24.13","9912","pid_9912_luid_0x00000000_0x0000e366_phys_0","dedicated usage","0"
"24.13","9912","pid_9912_luid_0x00000000_0x0000e366_phys_0","shared usage","306032640"
"25.156","9912","pid_9912_luid_0x00000000_0x0000e366_phys_0_eng_0_engtype_3d","utilization percentage","23.6716704301163"
"25.156","9912","pid_9912_luid_0x00000000_0x0000e366_phys_0_eng_10_engtype_legacyoverlay","utilization percentage","0"
"25.156","9912","pid_9912_luid_0x00000000_0x0000e366_phys_0_eng_11_engtype_","utilization percentage","0"
"25.156","9912","pid_9912_luid_0x00000000_0x0000e366_phys_0_eng_12_engtype_","utilization percentage","0"
"25.156","9912","pid_9912_luid_0x00000000_0x0000e366_phys_0_eng_1_engtype_videodecode","utilization percentage","1.75263603277543"
"25.156","9912","pid_9912_luid_0x00000000_0x0000e366_phys_0_eng_2_engtype_copy","utilization percentage","0"
"25.156","9912","pid_9912_luid_0x00000000_0x0000e366_phys_0_eng_3_engtype_videoprocessing","utilization percentage","0"
"25.156","9912","pid_9912_luid_0x00000000_0x0000e366_phys_0_eng_4_engtype_videodecode","utilization percentage","0"
"25.156","9912","pid_9912_luid_0x00000000_0x0000e366_phys_0_eng_5_engtype_","utilization percentage","0"
"25.156","9912","pid_9912_luid_0x00000000_0x0000e366_phys_0_eng_6_engtype_","utilization percentage","0"
"25.156","9912","pid_9912_luid_0x00000000_0x0000e366_phys_0_eng_7_engtype_","utilization percentage","0"
"25.156","9912","pid_9912_luid_0x00000000_0x0000e366_phys_0_eng_8_engtype_","utilization percentage","0"
"25.156","9912","pid_9912_luid_0x00000000_0x0000e366_phys_0_eng_9_engtype_","utilization percentage","0"
"25.156","9912","pid_9912_luid_0x00000000_0x0000e366_phys_0","dedicated usage","0"
"25.156","9912","pid_9912_luid_0x00000000_0x0000e366_phys_0","shared usage","298426368"
"26.179","9912","pid_9912_luid_0x00000000_0x0000e366_phys_0_eng_0_engtype_3d","utilization percentage","23.3150436497653"
"26.179","9912","pid_9912_luid_0x00000000_0x0000e366_phys_0_eng_10_engtype_legacyoverlay","utilization percentage","0"
"26.179","9912","pid_9912_luid_0x00000000_0x0000e366_phys_0_eng_11_engtype_","utilization percentage","0"
"26.179","9912","pid_9912_luid_0x00000000_0x0000e366_phys_0_eng_12_engtype_","utilization percentage","0"
"26.179","9912","pid_9912_luid_0x00000000_0x0000e366_phys_0_eng_1_engtype_videodecode","utilization percentage","1.80098567168652"
"26.179","9912","pid_9912_luid_0x00000000_0x0000e366_phys_0_eng_2_engtype_copy","utilization percentage","0"
"26.179","9912","pid_9912_luid_0x00000000_0x0000e366_phys_0_eng_3_engtype_videoprocessing","utilization percentage","0"
"26.179","9912","pid_9912_luid_0x00000000_0x0000e366_phys_0_eng_4_engtype_videodecode","utilization percentage","0"
"26.179","9912","pid_9912_luid_0x00000000_0x0000e366_phys_0_eng_5_engtype_","utilization percentage","0"
"26.179","9912","pid_9912_luid_0x00000000_0x0000e366_phys_0_eng_6_engtype_","utilization percentage","0"
"26.179","9912","pid_9912_luid_0x00000000_0x0000e366_phys_0_eng_7_engtype_","utilization percentage","0"
"26.179","9912","pid_9912_luid_0x00000000_0x0000e366_phys_0_eng_8_engtype_","utilization percentage","0"
"26.179","9912","pid_9912_luid_0x00000000_0x0000e366_phys_0_eng_9_engtype_","utilization percentage","0"
"26.179","9912","pid_9912_luid_0x00000000_0x0000e366_phys_0","dedicated usage","0"
"26.179","9912","pid_9912_luid_0x00000000_0x0000e366_phys_0","shared usage","298414080"
"27.212","9912","pid_9912_luid_0x00000000_0x0000e366_phys_0_eng_0_engtype_3d","utilization percentage","23.4630286059196"
"27.212","9912","pid_9912_luid_0x00000000_0x0000e366_phys_0_eng_10_engtype_legacyoverlay","utilization percentage","0"
"27.212","9912","pid_9912_luid_0x00000000_0x0000e366_phys_0_eng_11_engtype_","utilization percentage","0"
"27.212","9912","pid_9912_luid_0x00000000_0x0000e366_phys_0_eng_12_engtype_","utilization percentage","0"
"27.212","9912","pid_9912_luid_0x00000000_0x0000e366_phys_0_eng_1_engtype_videodecode","utilization percentage","1.83624637434414"
"27.212","9912","pid_9912_luid_0x00000000_0x0000e366_phys_0_eng_2_engtype_copy","utilization percentage","0"
"27.212","9912","pid_9912_luid_0x00000000_0x0000e366_phys_0_eng_3_engtype_videoprocessing","utilization percentage","0"
"27.212","9912","pid_9912_luid_0x00000000_0x0000e366_phys_0_eng_4_engtype_videodecode","utilization percentage","0"
"27.212","9912","pid_9912_luid_0x00000000_0x0000e366_phys_0_eng_5_engtype_","utilization percentage","0"
"27.212","9912","pid_9912_luid_0x00000000_0x0000e366_phys_0_eng_6_engtype_","utilization percentage","0"
"27.212","9912","pid_9912_luid_0x00000000_0x0000e366_phys_0_eng_7_engtype_","utilization percentage","0"
"27.212","9912","pid_9912_luid_0x00000000_0x0000e366_phys_0_eng_8_engtype_","utilization percentage","0"
"27.212","9912","pid_9912_luid_0x00000000_0x0000e366_phys_0_eng_9_engtype_","utilization percentage","0"
"27.212","9912","pid_9912_luid_0x00000000_0x0000e366_phys_0","dedicated usage","0"
"27.212","9912","pid_9912_luid_0x00000000_0x0000e366_phys_0","shared usage","298426368"
"28.249","9912","pid_9912_luid_0x00000000_0x0000e366_phys_0_eng_0_engtype_3d","utilization percentage","23.1435509387269"
"28.249","9912","pid_9912_luid_0x00000000_0x0000e366_phys_0_eng_10_engtype_legacyoverlay","utilization percentage","0"
"28.249","9912","pid_9912_luid_0x00000000_0x0000e366_phys_0_eng_11_engtype_","utilization percentage","0"
"28.249","9912","pid_9912_luid_0x00000000_0x0000e366_phys_0_eng_12_engtype_","utilization percentage","0"
"28.249","9912","pid_9912_luid_0x00000000_0x0000e366_phys_0_eng_1_engtype_videodecode","utilization percentage","1.66584655432624"
"28.249","9912","pid_9912_luid_0x00000000_0x0000e366_phys_0_eng_2_engtype_copy","utilization percentage","0"
"28.249","9912","pid_9912_luid_0x00000000_0x0000e366_phys_0_eng_3_engtype_videoprocessing","utilization percentage","0"
"28.249","9912","pid_9912_luid_0x00000000_0x0000e366_phys_0_eng_4_engtype_videodecode","utilization percentage","0"
"28.249","9912","pid_9912_luid_0x00000000_0x0000e366_phys_0_eng_5_engtype_","utilization percentage","0"
"28.249","9912","pid_9912_luid_0x00000000_0x0000e366_phys_0_eng_6_engtype_","utilization percentage","0"
"28.249","9912","pid_9912_luid_0x00000000_0x0000e366_phys_0_eng_7_engtype_","utilization percentage","0"
"28.249","9912","pid_9912_luid_0x00000000_0x0000e366_phys_0_eng_8_engtype_","utilization percentage","0"
"28.249","9912","pid_9912_luid_0x00000000_0x0000e366_phys_0_eng_9_engtype_","utilization percentage","0"
"28.249","9912","pid_9912_luid_0x00000000_0x0000e366_phys_0","dedicated usage","0"
"28.249","9912","pid_9912_luid_0x00000000_0x0000e366_phys_0","shared usage","298414080"
"29.272","9912","pid_9912_luid_0x00000000_0x0000e366_phys_0_eng_0_engtype_3d","utilization percentage","23.4226387519609"
"29.272","9912","pid_9912_luid_0x00000000_0x0000e366_phys_0_eng_10_engtype_legacyoverlay","utilization percentage","0"
"29.272","9912","pid_9912_luid_0x00000000_0x0000e366_phys_0_eng_11_engtype_","utilization percentage","0"
"29.272","9912","pid_9912_luid_0x00000000_0x0000e366_phys_0_eng_12_engtype_","utilization percentage","0"
"29.272","9912","pid_9912_luid_0x00000000_0x0000e366_phys_0_eng_1_engtype_videodecode","utilization percentage","1.84245094684785"
"29.272","9912","pid_9912_luid_0x00000000_0x0000e366_phys_0_eng_2_engtype_copy","utilization percentage","0"
"29.272","9912","pid_9912_luid_0x00000000_0x0000e366_phys_0_eng_3_engtype_videoprocessing","utilization percentage","0"
"29.272","9912","pid_9912_luid_0x00000000_0x0000e366_phys_0_eng_4_engtype_videodecode","utilization percentage","0"
"29.272","9912","pid_9912_luid_0x00000000_0x0000e366_phys_0_eng_5_engtype_","utilization percentage","0"
"29.272","9912","pid_9912_luid_0x00000000_0x0000e366_phys_0_eng_6_engtype_","utilization percentage","0"
"29.272","9912","pid_9912_luid_0x00000000_0x0000e366_phys_0_eng_7_engtype_","utilization percentage","0"
"29.272","9912","pid_9912_luid_0x00000000_0x0000e366_phys_0_eng_8_engtype_","utilization percentage","0"
"29.272","9912","pid_9912_luid_0x00000000_0x0000e366_phys_0_eng_9_engtype_","utilization percentage","0"
"29.272","9912","pid_9912_luid_0x00000000_0x0000e366_phys_0","dedicated usage","0"
"29.272","9912","pid_9912_luid_0x00000000_0x0000e366_phys_0","shared usage","298426368"
"30.295","9912","pid_9912_luid_0x00000000_0x0000e366_phys_0_eng_0_engtype_3d","utilization percentage","23.3257200566466"
"30.295","9912","pid_9912_luid_0x00000000_0x0000e366_phys_0_eng_10_engtype_legacyoverlay","utilization percentage","0"
"30.295","9912","pid_9912_luid_0x00000000_0x0000e366_phys_0_eng_11_engtype_","utilization percentage","0"
"30.295","9912","pid_9912_luid_0x00000000_0x0000e366_phys_0_eng_12_engtype_","utilization percentage","0"
"30.295","9912","pid_9912_luid_0x00000000_0x0000e366_phys_0_eng_1_engtype_videodecode","utilization percentage","1.80406414306953"
"30.295","9912","pid_9912_luid_0x00000000_0x0000e366_phys_0_eng_2_engtype_copy","utilization percentage","0"
"30.295","9912","pid_9912_luid_0x00000000_0x0000e366_phys_0_eng_3_engtype_videoprocessing","utilization percentage","0"
"30.295","9912","pid_9912_luid_0x00000000_0x0000e366_phys_0_eng_4_engtype_videodecode","utilization percentage","0"
"30.295","9912","pid_9912_luid_0x00000000_0x0000e366_phys_0_eng_5_engtype_","utilization percentage","0"
"30.295","9912","pid_9912_luid_0x00000000_0x0000e366_phys_0_eng_6_engtype_","utilization percentage","0"
"30.295","9912","pid_9912_luid_0x00000000_0x0000e366_phys_0_eng_7_engtype_","utilization percentage","0"
"30.295","9912","pid_9912_luid_0x00000000_0x0000e366_phys_0_eng_8_engtype_","utilization percentage","0"
"30.295","9912","pid_9912_luid_0x00000000_0x0000e366_phys_0_eng_9_engtype_","utilization percentage","0"
"30.295","9912","pid_9912_luid_0x00000000_0x0000e366_phys_0","dedicated usage","0"
"30.295","9912","pid_9912_luid_0x00000000_0x0000e366_phys_0","shared usage","298414080"
"31.318","9912","pid_9912_luid_0x00000000_0x0000e366_phys_0_eng_0_engtype_3d","utilization percentage","23.525941409641"
"31.318","9912","pid_9912_luid_0x00000000_0x0000e366_phys_0_eng_10_engtype_legacyoverlay","utilization percentage","0"
"31.318","9912","pid_9912_luid_0x00000000_0x0000e366_phys_0_eng_11_engtype_","utilization percentage","0"
"31.318","9912","pid_9912_luid_0x00000000_0x0000e366_phys_0_eng_12_engtype_","utilization percentage","0"
"31.318","9912","pid_9912_luid_0x00000000_0x0000e366_phys_0_eng_1_engtype_videodecode","utilization percentage","1.83161158205181"
"31.318","9912","pid_9912_luid_0x00000000_0x0000e366_phys_0_eng_2_engtype_copy","utilization percentage","0"
"31.318","9912","pid_9912_luid_0x00000000_0x0000e366_phys_0_eng_3_engtype_videoprocessing","utilization percentage","0"
"31.318","9912","pid_9912_luid_0x00000000_0x0000e366_phys_0_eng_4_engtype_videodecode","utilization percentage","0"
"31.318","9912","pid_9912_luid_0x00000000_0x0000e366_phys_0_eng_5_engtype_","utilization percentage","0"
"31.318","9912","pid_9912_luid_0x00000000_0x0000e366_phys_0_eng_6_engtype_","utilization percentage","0"
"31.318","9912","pid_9912_luid_0x00000000_0x0000e366_phys_0_eng_7_engtype_","utilization percentage","0"
"31.318","9912","pid_9912_luid_0x00000000_0x0000e366_phys_0_eng_8_engtype_","utilization percentage","0"
"31.318","9912","pid_9912_luid_0x00000000_0x0000e366_phys_0_eng_9_engtype_","utilization percentage","0"
"31.318","9912","pid_9912_luid_0x00000000_0x0000e366_phys_0","dedicated usage","0"
"31.318","9912","pid_9912_luid_0x00000000_0x0000e366_phys_0","shared usage","298426368"
