"elapsedSeconds","processId","workingSetBytes","privateBytes","cpuSeconds","handles","threads","gpuBusyPercent","gpu3DPercent","gpuVideoDecodePercent","gpuVideoEncodePercent","gpuCopyPercent","gpuDedicatedBytes","gpuSharedBytes"
"1.457","3208","342650880","375373824","74","1147","54","12.5034","12.5034","2.2256",,"0","0","196882432"
"2.548","3208","335720448","368549888","74.0625","1147","54","12.4633","12.4633","2.1576",,"0","0","196882432"
"3.567","3208","324911104","357527552","74.125","1147","54","12.1776","12.1776","2.1396",,"0","0","196882432"
"4.591","3208","317407232","349118464","74.1875","1144","53","12.4466","12.4466","2.2485",,"0","0","196882432"
"5.608","3208","322498560","355422208","74.328125","1144","53","12.2105","12.2105","2.1891",,"0","0","196882432"
"6.631","3208","314331136","347545600","74.453125","1144","53","12.1796","12.1796","2.1941",,"0","0","196882432"
"7.668","3208","320774144","354369536","74.609375","1144","53","12.3487","12.3487","2.2229",,"0","0","196882432"
"8.694","3208","313159680","346497024","74.71875","1144","53","12.4794","12.4794","2.068",,"0","0","196882432"
"9.719","3208","318902272","352792576","74.84375","1144","53","12.7821","12.7821","2.2346",,"0","0","196882432"
"10.746","3208","310751232","345448448","74.96875","1144","53","12.1692","12.1692","2.235",,"0","0","196882432"
"11.77","3208","316510208","351744000","75.046875","1144","53","12.4655","12.4655","2.2267",,"0","0","196882432"
"12.807","3208","308490240","344924160","75.1875","1144","53","12.4621","12.4621","2.1622",,"0","0","196882432"
"13.842","3208","314327040","350691328","75.3125","1144","53","12.3054","12.3054","1.9565",,"0","0","196882432"
"14.858","3208","319578112","356470784","75.375","1144","53","12.2415","12.2415","1.9341",,"0","0","196882432"
"15.885","3208","311906304","349118464","75.46875","1144","53","12.3147","12.3147","2.3139",,"0","0","196882432"
"16.92","3208","317284352","355946496","75.546875","1144","53","12.3895","12.3895","2.2178",,"0","0","196882432"
"17.949","3208","309407744","348594176","75.640625","1144","53","12.2329","12.2329","2.1929",,"0","0","196882432"
"18.966","3208","315129856","354369536","75.703125","1144","53","12.4923","12.4923","2.2013",,"0","0","196882432"
"20.009","3208","307593216","347021312","75.84375","1144","53","12.0399","12.0399","2.0277",,"0","0","196882432"
"21.032","3208","313810944","353320960","75.921875","1144","53","12.5545","12.5545","2.179",,"0","0","196882432"
"22.06","3208","306536448","345972736","76.03125","1144","53","12.3444","12.3444","2.0826",,"0","0","196882432"
"23.096","3208","312557568","352268288","76.15625","1144","53","12.4028","12.4028","2.1245",,"0","0","196882432"
"24.117","3208","304095232","344924160","76.28125","1144","53","12.2523","12.2523","2.1218",,"0","0","196882432"
"25.143","3208","309547008","350691328","76.40625","1144","53","12.0514","12.0514","1.9903",,"0","0","196882432"
"26.178","3208","314970112","356995072","76.515625","1144","53","12.7381","12.7381","2.1386",,"0","0","196882432"
"27.202","3208","306888704","350167040","76.609375","1144","53","12.2826","12.2826","2.0743",,"0","0","196882432"
"28.228","3208","312020992","355946496","76.640625","1144","53","12.0638","12.0638","2.0074",,"0","0","196882432"
"29.263","3208","304312320","348594176","76.6875","1144","53","12.0244","12.0244","2.1604",,"0","0","196882432"
"30.3","3208","310431744","354897920","76.84375","1144","53","12.3837","12.3837","2.1426",,"0","0","196882432"
"31.321","3208","302882816","347549696","76.9375","1144","53","12.3054","12.3054","2.0571",,"0","0","196882432"
