"elapsedSeconds","processId","workingSetBytes","privateBytes","cpuSeconds","handles","threads","gpuBusyPercent","gpu3DPercent","gpuVideoDecodePercent","gpuVideoEncodePercent","gpuVideoProcessingPercent","gpuCopyPercent","gpuDedicatedBytes","gpuSharedBytes"
"1.649","11436","126259200","236097536","63.953125","1967","35","3.6536","3.6536","1.2946",,"0","0","0","81387520"
"1.738","8656","650948608","668536832","21.875","1265","70","26.7801","26.7801","4.098",,"0","0","0","396800000"
"1.766","11404","653668352","672931840","28.65625","1262","69","27.8379","27.8379","5.1859",,"0","0","0","400289792"
"2.797","11436","126279680","236097536","64.03125","1967","35","3.6754","3.6754","1.0933",,"0","0","0","81387520"
"2.821","8656","654426112","671752192","22.25","1265","70","28.8709","28.8709","4.3234",,"0","0","0","402182144"
"2.842","11404","652087296","670621696","29.296875","1262","69","29.2317","29.2317","4.911",,"0","0","0","400289792"
"3.882","11436","126291968","236097536","64.078125","1967","35","3.5964","3.5964","1.1372",,"0","0","0","81387520"
"3.895","8656","657924096","674684928","22.578125","1265","70","31.2078","31.2078","4.5904",,"0","0","0","396800000"
"3.919","11404","653021184","671891456","29.875","1262","69","31.6002","31.6002","4.8336",,"0","0","0","394903552"
"4.953","11436","126308352","236097536","64.140625","1967","35","3.5734","3.5734","1.1527",,"0","0","0","81387520"
"4.963","8656","641302528","658927616","23","1265","70","30.9932","30.9932","4.4281",,"0","0","0","396800000"
"4.974","11404","639983616","658477056","30.40625","1262","69","31.1668","31.1668","4.9418",,"0","0","0","400289792"
"5.996","11436","126320640","236097536","64.203125","1967","35","3.3348","3.3348","1.1145",,"0","0","0","81387520"
"6.02","8656","644612096","662487040","23.328125","1265","70","24.9206","24.9206","4.3954",,"0","0","0","396800000"
"6.04","11404","643657728","662654976","30.875","1262","69","26.0484","26.0484","4.9905",,"0","0","0","394903552"
"7.067","11436","126337024","236097536","64.296875","1967","35","3.1314","3.1314","1.4739",,"0","0","0","81387520"
"7.091","8656","648204288","665948160","23.65625","1265","70","20.5408","20.5408","4.5438",,"0","0","0","396800000"
"7.118","11404","644005888","663019520","31.140625","1262","69","21.7269","21.7269","5.2472",,"0","0","0","394903552"
"8.151","11436","126349312","236097536","64.375","1967","35","3.237","3.237","1.5684",,"0","0","0","81387520"
"8.168","8656","652087296","669847552","23.9375","1265","70","22.376","22.376","4.5493",,"0","0","0","396800000"
"8.197","11404","647176192","665673728","31.5625","1262","69","23.0843","23.0843","5.0365",,"0","0","0","394911744"
"9.228","11436","126365696","236097536","64.484375","1967","35","3.2032","3.2032","1.3616",,"0","0","0","81387520"
"9.239","8656","650903552","668332032","24.265625","1265","70","24.2714","24.2714","4.2422",,"0","0","0","396800000"
"9.249","11404","648294400","666791936","32.046875","1262","69","25.4059","25.4059","5.2405",,"0","0","0","397598720"
"10.266","11436","126377984","236097536","64.53125","1967","35","3.5229","3.5229","1.3301",,"0","0","0","81387520"
"10.279","8656","653307904","670781440","24.53125","1265","70","27.1404","27.1404","4.4898",,"0","0","0","396800000"
"10.305","11404","650825728","669683712","32.53125","1262","69","28.0316","28.0316","5.4304",,"0","0","0","400289792"
"11.338","11436","126439424","236097536","64.609375","1967","35","3.4956","3.4956","0.9647",,"0","0","0","81387520"
"11.363","8656","654102528","671629312","24.921875","1265","70","30.0688","30.0688","4.4475",,"0","0","0","396800000"
"11.384","11404","652132352","670937088","33","1262","69","30.7949","30.7949","4.7695",,"0","0","0","397602816"
"12.42","11436","126455808","236097536","64.65625","1967","35","3.5799","3.5799","0.9726",,"0","0","0","81387520"
"12.43","8656","657444864","674529280","25.28125","1265","70","30.707","30.707","4.4501",,"0","0","0","402182144"
"12.447","11404","655761408","674070528","33.453125","1262","69","31.2801","31.2801","4.7123",,"0","0","0","400289792"
"13.488","11436","126472192","236097536","64.734375","1967","35","3.5108","3.5108","0.9309",,"0","0","0","81387520"
"13.499","8656","644722688","661999616","25.703125","1265","70","31.0104","31.0104","4.4538",,"0","0","0","396800000"
"13.509","11404","641486848","660385792","33.90625","1262","69","31.3565","31.3565","4.8609",,"0","0","0","397598720"
"14.529","11436","126484480","236097536","64.8125","1967","35","3.5892","3.5892","0.8902",,"0","0","0","81387520"
"14.551","8656","647708672","665325568","26.109375","1265","70","30.6191","30.6191","4.4765",,"0","0","0","396800000"
"14.577","11404","641720320","660713472","34.421875","1262","69","31.593","31.593","5.0008",,"0","0","0","394911744"
"15.612","11436","126496768","236097536","64.890625","1967","35","3.4227","3.4227","0.4349",,"0","0","0","81387520"
"15.625","8656","647856128","665612288","26.484375","1265","70","29.9792","29.9792","4.3949",,"0","0","0","396800000"
"15.652","11404","650633216","669360128","34.828125","1262","69","29.9783","29.9783","4.719",,"0","0","0","400289792"
"16.701","11436","125685760","236003328","64.96875","1967","35","3.2578","3.2578","1.4552",,"0","0","0","81387520"
"16.712","8656","651038720","668356608","26.78125","1265","70","22.3651","22.3651","4.5497",,"0","0","0","399491072"
"16.72","11404","652410880","671068160","35.21875","1262","69","23.3285","23.3285","5.0934",,"0","0","0","400289792"
"17.758","11436","125919232","236023808","65.015625","1967","35","3.4528","3.4528","1.4755",,"0","0","0","81387520"
"17.771","8656","653631488","671399936","27.015625","1265","70","22.3123","22.3123","4.2045",,"0","0","0","396800000"
"17.797","11404","651923456","670748672","35.640625","1262","69","23.2122","23.2122","5.1064",,"0","0","0","394911744"
"18.829","11436","125964288","236023808","65.046875","1967","35","3.7328","3.7328","1.3466",,"0","0","0","81387520"
"18.84","8656","652713984","670244864","27.265625","1265","70","24.6607","24.6607","4.3378",,"0","0","0","396800000"
"18.851","11404","654684160","673087488","36.140625","1262","69","25.3424","25.3424","5.3673",,"0","0","0","400289792"
"19.891","11436","126009344","236023808","65.09375","1967","35","3.3736","3.3736","1.1439",,"0","0","0","81387520"
"19.911","8656","657256448","675028992","27.59375","1265","70","26.283","26.283","4.6149",,"0","0","0","399491072"
"19.934","11404","658665472","677519360","36.546875","1262","69","26.9971","26.9971","4.8679",,"0","0","0","400289792"
"20.964","11436","126025728","236023808","65.21875","1967","35","3.5176","3.5176","1.1806",,"0","0","0","81387520"
"20.982","8656","657854464","675659776","28","1265","70","28.5264","28.5264","4.3096",,"0","0","0","396800000"
"21.012","11404","659623936","678367232","36.953125","1262","69","29.5612","29.5612","4.9148",,"0","0","0","394903552"
"22.045","11436","126058496","236048384","65.328125","1967","35","3.5016","3.5016","1.1575",,"0","0","0","81387520"
"22.068","8656","645218304","662269952","28.40625","1265","70","29.9574","29.9574","4.487",,"0","0","0","402182144"
"22.09","11404","642318336","662429696","37.4375","1262","69","30.2108","30.2108","4.6823",,"0","0","0","400289792"
"23.131","11436","126070784","236048384","65.390625","1967","35","3.5457","3.5457","1.0854",,"0","0","0","81387520"
"23.158","8656","649154560","666832896","28.8125","1265","70","27.448","27.448","4.1482",,"0","0","0","396800000"
"23.182","11404","646651904","667107328","37.828125","1262","69","28.4396","28.4396","4.9041",,"0","0","0","394911744"
"24.21","11436","126111744","236048384","65.4375","1967","35","3.508","3.508","1.1708",,"0","0","0","81387520"
"24.225","8656","649895936","667439104","29.125","1265","70","29.3951","29.3951","4.3976",,"0","0","0","396800000"
"24.257","11404","646209536","666574848","38.25","1262","69","29.4103","29.4103","4.7337",,"0","0","0","400289792"
"25.3","11436","126124032","236048384","65.5","1967","35","3.4971","3.4971","1.135",,"0","0","0","81387520"
"25.331","8656","652857344","670113792","29.5625","1265","70","30.0524","30.0524","4.4846",,"0","0","0","396800000"
"25.354","11404","648331264","668151808","38.765625","1262","69","30.853","30.853","4.999",,"0","0","0","400289792"
"26.387","11436","126140416","236048384","65.5625","1967","35","3.5087","3.5087","1.2945",,"0","0","0","81387520"
"26.398","8656","651730944","668975104","29.984375","1265","70","30.6453","30.6453","4.4191",,"0","0","0","402182144"
"26.416","11404","648183808","669130752","39.34375","1262","69","31.7777","31.7777","4.9408",,"0","0","0","400289792"
"27.439","11436","126148608","236048384","65.59375","1967","35","3.6916","3.6916","1.2859",,"0","0","0","81387520"
"27.454","8656","654741504","672661504","30.328125","1265","70","27.6925","27.6925","4.3531",,"0","0","0","396800000"
"27.478","11404","651366400","670633984","39.875","1262","69","28.6477","28.6477","5.192",,"0","0","0","394911744"
"28.509","11436","126173184","236048384","65.640625","1967","35","3.6651","3.6651","1.0968",,"0","0","0","81387520"
"28.519","8656","657842176","675889152","30.625","1265","70","27.8208","27.8208","4.1037",,"0","0","0","396800000"
"28.544","11404","654684160","673103872","40.328125","1262","69","28.8482","28.8482","4.7403",,"0","0","0","394911744"
"29.576","11436","126230528","236048384","65.734375","1967","35","3.5321","3.5321","1.1816",,"0","0","0","81387520"
"29.604","8656","659202048","676753408","30.984375","1265","70","30.3642","30.3642","4.412",,"0","0","0","402182144"
"29.625","11404","638304256","656896000","40.890625","1262","69","30.7961","30.7961","4.9235",,"0","0","0","400289792"
"30.664","11436","126246912","236048384","65.765625","1967","35","3.7166","3.7166","1.1701",,"0","0","0","81387520"
"30.695","8656","646733824","663797760","31.328125","1265","70","30.6307","30.6307","4.4511",,"0","0","0","396800000"
"30.718","11404","642568192","661209088","41.328125","1262","69","31.3272","31.3272","5.1008",,"0","0","0","394903552"
"31.75","11436","126279680","236048384","65.796875","1967","35","3.4107","3.4107","1.2189",,"0","0","0","81387520"
"31.77","8656","649404416","666546176","31.59375","1265","70","28.5321","28.5321","4.2575",,"0","0","0","396800000"
"31.799","11404","646041600","664485888","41.796875","1262","69","28.9991","28.9991","4.6615",,"0","0","0","394911744"
"32.836","11436","126304256","236048384","65.828125","1967","35","3.5136","3.5136","0.9",,"0","0","0","81387520"
"32.847","8656","650625024","667783168","31.9375","1265","70","28.1874","28.1874","4.2377",,"0","0","0","396800000"
"32.877","11404","646053888","664625152","42.265625","1262","69","29.007","29.007","4.9006",,"0","0","0","397598720"
"33.919","11436","126382080","236060672","65.921875","1967","35","3.5128","3.5128","1.1106",,"0","0","0","81387520"
"33.93","8656","652103680","669069312","32.234375","1265","70","29.5224","29.5224","4.2551",,"0","0","0","402182144"
"33.94","11404","648040448","666591232","42.71875","1262","69","29.8841","29.8841","4.8182",,"0","0","0","400289792"
"34.97","11436","126427136","236085248","66","1967","35","3.5479","3.5479","1.3172",,"0","0","0","81387520"
"35","8656","654098432","671039488","32.53125","1265","70","27.7293","27.7293","4.2383",,"0","0","0","396800000"
"35.03","11404","647897088","667127808","43.171875","1262","69","28.4402","28.4402","4.6407",,"0","0","0","394903552"
"36.066","11436","126439424","236085248","66.078125","1967","35","3.7264","3.7264","1.4812",,"0","0","0","81387520"
"36.091","8656","654979072","672043008","32.84375","1265","70","23.5134","23.5134","4.0911",,"0","0","0","396800000"
"36.118","11404","651972608","670814208","43.671875","1262","69","24.9757","24.9757","4.8568",,"0","0","0","394911744"
"37.146","11436","126480384","236085248","66.171875","1967","35","3.3179","3.3179","1.4644",,"0","0","0","81387520"
"37.16","8656","658649088","675823616","33.171875","1265","70","21.1053","21.1053","4.5862",,"0","0","0","402182144"
"37.192","11404","654106624","673554432","44.1875","1262","69","21.3549","21.3549","4.9479",,"0","0","0","394911744"
"38.227","11436","126496768","236085248","66.234375","1967","35","3.5516","3.5516","1.3698",,"0","0","0","81387520"
"38.245","8656","659214336","676327424","33.4375","1265","70","22.9718","22.9718","4.1799",,"0","0","0","396800000"
"38.273","11404","639807488","659017728","44.71875","1262","69","24.1501","24.1501","4.9662",,"0","0","0","394903552"
"39.3","11436","126513152","236085248","66.328125","1967","35","3.8631","3.8631","1.3929",,"0","0","0","81387520"
"39.326","8656","647303168","664236032","33.921875","1265","70","27.1155","27.1155","4.55",,"0","0","0","396800000"
"39.347","11404","643518464","662654976","45.296875","1262","69","27.7401","27.7401","5.3372",,"0","0","0","400289792"
"40.391","11436","126578688","236085248","66.40625","1967","35","3.4973","3.4973","1.2271",,"0","0","0","81387520"
"40.42","8656","648216576","666193920","34.21875","1265","70","28.866","28.866","4.2861",,"0","0","0","396800000"
"40.443","11404","644222976","663875584","45.71875","1262","69","29.7152","29.7152","4.5918",,"0","0","0","400289792"
"41.471","11436","126595072","236085248","66.46875","1967","35","3.62","3.62","1.116",,"0","0","0","81387520"
"41.483","8656","650702848","667979776","34.59375","1265","70","31.2752","31.2752","4.561",,"0","0","0","396800000"
"41.512","11404","646213632","665837568","46.265625","1262","69","31.6928","31.6928","4.9938",,"0","0","0","394903552"
"42.544","11436","126607360","236085248","66.53125","1967","35","3.5605","3.5605","1.093",,"0","0","0","81387520"
"42.574","8656","653922304","671182848","34.953125","1265","70","30.6814","30.6814","4.5337",,"0","0","0","402182144"
"42.602","11404","647589888","667385856","46.78125","1262","69","31.1089","31.1089","4.9412",,"0","0","0","400289792"
"43.631","11436","126623744","236085248","66.59375","1967","35","3.3001","3.3001","1.0756",,"0","0","0","81387520"
"43.661","8656","655138816","672555008","35.4375","1265","70","26.6461","26.6461","4.5836",,"0","0","0","397099008"
"43.691","11404","655831040","675655680","47.328125","1262","69","26.8831","26.8831","4.9059",,"0","0","0","394903552"
"44.733","11436","126640128","236085248","66.640625","1967","35","3.2867","3.2867","1.3292",,"0","0","0","81387520"
"44.758","8656","659513344","677138432","35.765625","1265","70","20.0482","20.0482","4.2789",,"0","0","0","397099008"
"44.783","11404","659017728","678809600","47.71875","1262","69","20.8673","20.8673","5.2037",,"0","0","0","394911744"
"45.816","11436","126660608","236085248","66.6875","1967","35","3.2122","3.2122","1.4013",,"0","0","0","81387520"
"45.845","8656","663080960","680898560","36.03125","1265","70","21.1703","21.1703","4.4237",,"0","0","0","397099008"
"45.872","11404","659537920","678699008","48.140625","1262","69","22.4114","22.4114","5.2423",,"0","0","0","394903552"
"46.901","11436","126742528","236085248","66.78125","1967","35","3.5521","3.5521","1.1912",,"0","0","0","81387520"
"46.911","8656","646832128","663212032","36.1875","1265","70","23.7636","23.7636","4.5452",,"0","0","0","397099008"
"46.94","11404","646205440","664178688","48.53125","1262","69","24.5719","24.5719","4.9002",,"0","0","0","394911744"
"47.968","11436","126758912","236085248","66.875","1967","35","3.5786","3.5786","1.1572",,"0","0","0","81387520"
"47.979","8656","650616832","668295168","36.5","1265","70","26.3814","26.3814","4.6371",,"0","0","0","397099008"
"47.991","11404","650137600","668762112","48.96875","1262","69","27.4144","27.4144","5.6147",,"0","0","0","394911744"
"49.019","11436","126775296","236085248","66.984375","1967","35","3.636","3.636","1.0698",,"0","0","0","81387520"
"49.03","8656","651071488","669085696","36.859375","1265","70","29.4898","29.4898","4.3588",,"0","0","0","397099008"
"49.05","11404","650301440","669581312","49.390625","1262","69","29.2495","29.2495","4.8243",,"0","0","0","394911744"
"50.091","11436","126787584","236085248","67.125","1967","35","3.489","3.489","1.0661",,"0","0","0","81387520"
"50.115","8656","648626176","665726976","37.203125","1265","70","29.9222","29.9222","4.4274",,"0","0","0","397099008"
"50.144","11404","646586368","665247744","49.953125","1262","69","30.7184","30.7184","4.7206",,"0","0","0","394911744"
"51.174","11436","126803968","236085248","67.15625","1967","35","3.4247","3.4247","1.2262",,"0","0","0","81387520"
"51.185","8656","650952704","668508160","37.609375","1265","70","29.1505","29.1505","4.3201",,"0","0","0","397099008"
"51.201","11404","650240000","669315072","50.4375","1262","69","29.8983","29.8983","5.0139",,"0","0","0","400289792"
"52.242","11436","126816256","236085248","67.21875","1967","35","3.5349","3.5349","1.1237",,"0","0","0","81387520"
"52.252","8656","651485184","669466624","38.09375","1265","70","29.4972","29.4972","4.2754",,"0","0","0","397099008"
"52.279","11404","652328960","671584256","50.859375","1262","69","29.5903","29.5903","4.77",,"0","0","0","394911744"
"53.309","11436","126832640","236085248","67.3125","1967","35","3.5115","3.5115","1.1038",,"0","0","0","81387520"
"53.327","8656","655466496","673247232","38.484375","1265","70","29.5281","29.5281","4.4048",,"0","0","0","397099008"
"53.356","11404","653746176","673525760","51.359375","1262","69","30.3195","30.3195","4.659",,"0","0","0","394903552"
"54.396","11436","126844928","236085248","67.359375","1967","35","3.6934","3.6934","1.178",,"0","0","0","81387520"
"54.407","8656","659095552","676147200","38.890625","1265","70","30.6606","30.6606","4.463",,"0","0","0","397099008"
"54.418","11404","657772544","676589568","51.875","1262","69","31.2618","31.2618","4.945",,"0","0","0","394911744"
"55.45","11436","126861312","236085248","67.421875","1967","35","3.514","3.514","1.2464",,"0","0","0","81387520"
"55.46","8656","642269184","659132416","39.28125","1265","70","30.8446","30.8446","4.5533",,"0","0","0","402481152"
"55.473","11404","643936256","662695936","52.40625","1262","69","31.6602","31.6602","4.8545",,"0","0","0","400289792"
"56.509","11436","126873600","236085248","67.46875","1967","35","3.5525","3.5525","1.1254",,"0","0","0","81387520"
"56.54","8656","646627328","664305664","39.671875","1265","70","31.001","31.001","4.5285",,"0","0","0","397099008"
"56.566","11404","645025792","664469504","52.890625","1262","69","31.4337","31.4337","4.8097",,"0","0","0","394903552"
"57.608","11436","126889984","236085248","67.53125","1967","35","3.6025","3.6025","1.162",,"0","0","0","81387520"
"57.622","8656","650555392","669286400","40.015625","1265","70","30.845","30.845","4.49",,"0","0","0","402481152"
"57.639","11404","648024064","667766784","53.421875","1262","69","31.3156","31.3156","4.8763",,"0","0","0","400289792"
"58.68","11436","126898176","236085248","67.578125","1967","35","3.5844","3.5844","1.1843",,"0","0","0","81387520"
"58.691","8656","649433088","667373568","40.34375","1265","70","30.9543","30.9543","4.4978",,"0","0","0","397099008"
"58.727","11404","649007104","668495872","53.9375","1262","69","31.1736","31.1736","4.9225",,"0","0","0","400289792"
"59.767","11436","126918656","236085248","67.65625","1967","35","3.5089","3.5089","1.2412",,"0","0","0","81387520"
"59.779","8656","651227136","669253632","40.875","1265","70","30.6482","30.6482","4.5601",,"0","0","0","397099008"
"59.789","11404","650854400","670810112","54.5625","1262","69","30.6475","30.6475","4.9416",,"0","0","0","394911744"
"60.824","11436","126926848","236085248","67.71875","1967","35","3.7257","3.7257","1.3264",,"0","0","0","81387520"
"60.836","8656","654397440","671817728","41.171875","1265","70","29.053","29.053","4.1698",,"0","0","0","402481152"
"60.865","11404","651169792","670892032","55.0625","1262","69","30.2011","30.2011","4.7623",,"0","0","0","400289792"
"61.891","11436","126959616","236085248","67.8125","1967","35","3.4562","3.4562","1.2337",,"0","0","0","81387520"
"61.901","8656","654696448","672280576","41.46875","1265","70","27.7944","27.7944","4.1387",,"0","0","0","397099008"
"61.916","11404","654508032","673820672","55.5","1262","69","27.9486","27.9486","4.8306",,"0","0","0","400289792"
"62.944","11436","126971904","236085248","67.890625","1967","35","3.5677","3.5677","1.1911",,"0","0","0","81387520"
"62.96","8656","658350080","676061184","41.703125","1265","70","28.2138","28.2138","4.2264",,"0","0","0","397099008"
"62.989","11404","641597440","659955712","55.90625","1262","69","29.0707","29.0707","4.9673",,"0","0","0","394911744"
"64.027","11436","127021056","236085248","67.96875","1967","35","3.3698","3.3698","0.8886",,"0","0","0","81387520"
"64.042","8656","643256320","660361216","42","1267","70","28.9917","28.9917","4.2076",,"0","0","0","397099008"
"64.069","11404","642371584","661114880","56.359375","1264","69","29.8346","29.8346","4.9232",,"0","0","0","394903552"
"65.11","11436","127033344","236085248","68.0625","1967","35","3.4824","3.4824","0.9617",,"0","0","0","81387520"
"65.122","8656","646078464","663310336","42.390625","1248","65","30.6108","30.6108","4.5936",,"0","0","0","402481152"
"65.137","11404","645894144","664768512","56.8125","1246","65","30.9817","30.9817","4.8738",,"0","0","0","400289792"
